<appDefinition>
   <id>crm</id>
   <version>1</version>
   <name>Sample CRM</name>
   <dateCreated class="java.sql.Timestamp">2015-05-19 23:15:19.0 GMT</dateCreated>
   <dateModified class="java.sql.Timestamp">2015-05-20 07:15:23.0 GMT</dateModified>
   <packageDefinitionList>
      <packageDefinition>
         <appId>crm</appId>
         <id>crm</id>
         <version>1</version>
         <name>Sample CRM</name>
         <dateCreated class="java.sql.Timestamp">2015-05-19 23:15:22.0 GMT</dateCreated>
         <dateModified class="java.sql.Timestamp">2015-05-19 23:15:23.0 GMT</dateModified>
         <packageActivityFormMap>
            <entry>
               <string>process1::runProcess</string>
               <packageActivityForm>
                  <processDefId>process1</processDefId>
                  <activityDefId>runProcess</activityDefId>
                  <formId>crm_proposal_form</formId>
                  <type>SINGLE</type>
                  <autoContinue>true</autoContinue>
                  <!--disableSaveAsDraft>false</disableSaveAsDraft-->
               </packageActivityForm>
            </entry>
            <entry>
               <string>process1::activity1</string>
               <packageActivityForm>
                  <processDefId>process1</processDefId>
                  <activityDefId>activity1</activityDefId>
                  <formId>crm_proposal_resubmit_form</formId>
                  <type>SINGLE</type>
                  <autoContinue>true</autoContinue>
                  <!--disableSaveAsDraft>false</disableSaveAsDraft-->
               </packageActivityForm>
            </entry>
            <entry>
               <string>process1::submit_proposal</string>
               <packageActivityForm>
                  <processDefId>process1</processDefId>
                  <activityDefId>submit_proposal</activityDefId>
                  <formId>crm_proposal_form</formId>
                  <type>SINGLE</type>
                  <autoContinue>true</autoContinue>
                  <!--disableSaveAsDraft>false</disableSaveAsDraft-->
               </packageActivityForm>
            </entry>
            <entry>
               <string>process1::approve_proposal</string>
               <packageActivityForm>
                  <processDefId>process1</processDefId>
                  <activityDefId>approve_proposal</activityDefId>
                  <formId>crm_proposal_approval_form</formId>
                  <type>SINGLE</type>
                  <autoContinue>true</autoContinue>
                  <!--disableSaveAsDraft>false</disableSaveAsDraft-->
               </packageActivityForm>
            </entry>
            <entry>
               <string>process1::send_proposal</string>
               <packageActivityForm>
                  <processDefId>process1</processDefId>
                  <activityDefId>send_proposal</activityDefId>
                  <formId>crm_proposal_sending_form</formId>
                  <type>SINGLE</type>
                  <autoContinue>true</autoContinue>
                  <!--disableSaveAsDraft>false</disableSaveAsDraft-->
               </packageActivityForm>
            </entry>
         </packageActivityFormMap>
         <packageActivityPluginMap>
            <entry>
               <string>process1::tool2</string>
               <packageActivityPlugin>
                  <processDefId>process1</processDefId>
                  <activityDefId>tool2</activityDefId>
                  <pluginName>org.joget.apps.app.lib.EmailTool</pluginName>
                  <pluginProperties>{&quot;host&quot;:&quot;localhost&quot;,&quot;port&quot;:&quot;25&quot;,&quot;needAuthentication&quot;:&quot;&quot;,&quot;username&quot;:&quot;&quot;,&quot;password&quot;:&quot;&quot;,&quot;from&quot;:&quot;email@domain&quot;,&quot;toSpecific&quot;:&quot;#performer.runProcess.email#&quot;,&quot;toParticipantId&quot;:&quot;&quot;,&quot;cc&quot;:&quot;&quot;,&quot;subject&quot;:&quot;Proposal Rejected: #form.crm_proposal.title#&quot;,&quot;message&quot;:&quot;Proposal Rejected\n\nRef No: #form.crm_proposal.refNo#\nTitle: #form.crm_proposal.title#\n&quot;}</pluginProperties>
               </packageActivityPlugin>
            </entry>
            <entry>
               <string>process1::tool1</string>
               <packageActivityPlugin>
                  <processDefId>process1</processDefId>
                  <activityDefId>tool1</activityDefId>
                  <pluginName>org.joget.apps.app.lib.EmailTool</pluginName>
                  <pluginProperties>{&quot;host&quot;:&quot;mailserver&quot;,&quot;port&quot;:&quot;25&quot;,&quot;needAuthentication&quot;:&quot;&quot;,&quot;username&quot;:&quot;&quot;,&quot;password&quot;:&quot;&quot;,&quot;from&quot;:&quot;email@domain&quot;,&quot;toSpecific&quot;:&quot;#performer.runProcess.email#&quot;,&quot;toParticipantId&quot;:&quot;&quot;,&quot;cc&quot;:&quot;&quot;,&quot;subject&quot;:&quot;Proposal Approved: #form.crm_proposal.title#&quot;,&quot;message&quot;:&quot;Proposal Approved\n\nRef No: #form.crm_proposal.refNo#\nTitle: #form.crm_proposal.title#\n&quot;}</pluginProperties>
               </packageActivityPlugin>
            </entry>
         </packageActivityPluginMap>
         <packageParticipantMap>
            <entry>
               <string>process1::processStartWhiteList</string>
               <packageParticipant>
                  <processDefId>process1</processDefId>
                  <participantId>processStartWhiteList</participantId>
                  <type>role</type>
                  <value>adminUser</value>
               </packageParticipant>
            </entry>
         </packageParticipantMap>
      </packageDefinition>
   </packageDefinitionList>
  <formDefinitionList>
      <formDefinition>
         <id>crm_account</id>
         <appId>crm</appId>
         <appVersion>1</appVersion>
         <name>Account Form</name>
         <tableName>crm_account</tableName>
         <json>{&quot;className&quot;:&quot;org.joget.apps.form.model.Form&quot;,&quot;properties&quot;:{&quot;loadBinder&quot;:{&quot;className&quot;:&quot;org.joget.apps.form.lib.WorkflowFormBinder&quot;,&quot;properties&quot;:{}},&quot;name&quot;:&quot;Account Form&quot;,&quot;description&quot;:&quot;&quot;,&quot;id&quot;:&quot;crm_account&quot;,&quot;storeBinder&quot;:{&quot;className&quot;:&quot;org.joget.apps.form.lib.WorkflowFormBinder&quot;,&quot;properties&quot;:{}},&quot;tableName&quot;:&quot;crm_account&quot;},&quot;elements&quot;:[{&quot;elements&quot;:[{&quot;elements&quot;:[{&quot;className&quot;:&quot;org.joget.apps.form.lib.TextField&quot;,&quot;properties&quot;:{&quot;size&quot;:&quot;&quot;,&quot;readonly&quot;:&quot;&quot;,&quot;validator&quot;:{&quot;className&quot;:&quot;org.joget.apps.form.lib.DefaultValidator&quot;,&quot;properties&quot;:{&quot;type&quot;:&quot;&quot;,&quot;mandatory&quot;:&quot;true&quot;}},&quot;workflowVariable&quot;:&quot;&quot;,&quot;id&quot;:&quot;id&quot;,&quot;label&quot;:&quot;Account ID&quot;}},{&quot;className&quot;:&quot;org.joget.apps.form.lib.TextField&quot;,&quot;properties&quot;:{&quot;size&quot;:&quot;&quot;,&quot;readonly&quot;:&quot;&quot;,&quot;validator&quot;:{&quot;className&quot;:&quot;org.joget.apps.form.lib.DefaultValidator&quot;,&quot;properties&quot;:{&quot;type&quot;:&quot;&quot;,&quot;mandatory&quot;:&quot;true&quot;}},&quot;workflowVariable&quot;:&quot;&quot;,&quot;id&quot;:&quot;accountName&quot;,&quot;label&quot;:&quot;Account Name&quot;}}],&quot;className&quot;:&quot;org.joget.apps.form.model.Column&quot;,&quot;properties&quot;:{&quot;width&quot;:&quot;100%&quot;}}],&quot;className&quot;:&quot;org.joget.apps.form.model.Section&quot;,&quot;properties&quot;:{&quot;visibilityControl&quot;:&quot;&quot;,&quot;loadBinder&quot;:{&quot;className&quot;:&quot;&quot;,&quot;properties&quot;:{}},&quot;id&quot;:&quot;account_details&quot;,&quot;label&quot;:&quot;Account Details&quot;,&quot;storeBinder&quot;:{&quot;className&quot;:&quot;&quot;,&quot;properties&quot;:{}},&quot;visibilityValue&quot;:&quot;&quot;}},{&quot;elements&quot;:[{&quot;elements&quot;:[{&quot;className&quot;:&quot;org.joget.apps.form.lib.TextArea&quot;,&quot;properties&quot;:{&quot;readonly&quot;:&quot;&quot;,&quot;validator&quot;:{&quot;className&quot;:&quot;&quot;,&quot;properties&quot;:{}},&quot;id&quot;:&quot;address&quot;,&quot;label&quot;:&quot;Address&quot;,&quot;rows&quot;:&quot;5&quot;,&quot;cols&quot;:&quot;20&quot;}}],&quot;className&quot;:&quot;org.joget.apps.form.model.Column&quot;,&quot;properties&quot;:{&quot;width&quot;:&quot;49%&quot;}},{&quot;elements&quot;:[{&quot;className&quot;:&quot;org.joget.apps.form.lib.TextField&quot;,&quot;properties&quot;:{&quot;readonly&quot;:&quot;&quot;,&quot;size&quot;:&quot;&quot;,&quot;validator&quot;:{&quot;className&quot;:&quot;&quot;,&quot;properties&quot;:{}},&quot;workflowVariable&quot;:&quot;&quot;,&quot;id&quot;:&quot;city&quot;,&quot;label&quot;:&quot;City&quot;}},{&quot;className&quot;:&quot;org.joget.apps.form.lib.TextField&quot;,&quot;properties&quot;:{&quot;readonly&quot;:&quot;&quot;,&quot;size&quot;:&quot;&quot;,&quot;validator&quot;:{&quot;className&quot;:&quot;&quot;,&quot;properties&quot;:{}},&quot;workflowVariable&quot;:&quot;&quot;,&quot;id&quot;:&quot;state&quot;,&quot;label&quot;:&quot;State&quot;}},{&quot;className&quot;:&quot;org.joget.apps.form.lib.SelectBox&quot;,&quot;properties&quot;:{&quot;readonly&quot;:&quot;&quot;,&quot;size&quot;:&quot;&quot;,&quot;optionsBinder&quot;:{&quot;className&quot;:&quot;&quot;,&quot;properties&quot;:{}},&quot;validator&quot;:{&quot;className&quot;:&quot;&quot;,&quot;properties&quot;:{}},&quot;multiple&quot;:&quot;&quot;,&quot;options&quot;:[{&quot;label&quot;:&quot;&quot;,&quot;value&quot;:&quot;&quot;},{&quot;label&quot;:&quot;Local&quot;,&quot;value&quot;:&quot;local&quot;},{&quot;label&quot;:&quot;International&quot;,&quot;value&quot;:&quot;international&quot;}],&quot;workflowVariable&quot;:&quot;&quot;,&quot;id&quot;:&quot;country&quot;,&quot;label&quot;:&quot;Country&quot;}}],&quot;className&quot;:&quot;org.joget.apps.form.model.Column&quot;,&quot;properties&quot;:{&quot;width&quot;:&quot;49%&quot;}}],&quot;className&quot;:&quot;org.joget.apps.form.model.Section&quot;,&quot;properties&quot;:{&quot;visibilityControl&quot;:&quot;&quot;,&quot;loadBinder&quot;:{&quot;className&quot;:&quot;&quot;,&quot;properties&quot;:{}},&quot;id&quot;:&quot;address&quot;,&quot;label&quot;:&quot;Address Details&quot;,&quot;storeBinder&quot;:{&quot;className&quot;:&quot;&quot;,&quot;properties&quot;:{}},&quot;visibilityValue&quot;:&quot;&quot;}}]}</json>
         <dateCreated class="java.sql.Timestamp">2015-05-19 23:15:20.0 GMT</dateCreated>
         <dateModified class="java.sql.Timestamp">2015-05-19 23:15:20.0 GMT</dateModified>
      </formDefinition>
      <formDefinition>
         <id>crm_contact</id>
         <appId>crm</appId>
         <appVersion>1</appVersion>
         <name>Contact Form</name>
         <tableName>crm_contact</tableName>
         <json>{&quot;className&quot;:&quot;org.joget.apps.form.model.Form&quot;,&quot;properties&quot;:{&quot;id&quot;:&quot;crm_contact&quot;,&quot;loadBinder&quot;:{&quot;className&quot;:&quot;org.joget.apps.form.lib.WorkflowFormBinder&quot;},&quot;tableName&quot;:&quot;crm_contact&quot;,&quot;name&quot;:&quot;Contact Form&quot;,&quot;storeBinder&quot;:{&quot;className&quot;:&quot;org.joget.apps.form.lib.WorkflowFormBinder&quot;}},&quot;elements&quot;:[{&quot;elements&quot;:[{&quot;elements&quot;:[{&quot;className&quot;:&quot;org.joget.apps.form.lib.SelectBox&quot;,&quot;properties&quot;:{&quot;id&quot;:&quot;account&quot;,&quot;workflowVariable&quot;:&quot;&quot;,&quot;optionsBinder&quot;:{&quot;className&quot;:&quot;org.joget.apps.form.lib.FormOptionsBinder&quot;,&quot;properties&quot;:{&quot;formDefId&quot;:&quot;crm_account&quot;,&quot;extraCondition&quot;:&quot;&quot;,&quot;labelColumn&quot;:&quot;accountName&quot;}},&quot;validator&quot;:{&quot;className&quot;:&quot;&quot;,&quot;properties&quot;:{}},&quot;label&quot;:&quot;Account&quot;,&quot;readonly&quot;:&quot;&quot;,&quot;multiple&quot;:&quot;&quot;,&quot;options&quot;:[],&quot;size&quot;:&quot;&quot;}},{&quot;className&quot;:&quot;org.joget.apps.form.lib.TextField&quot;,&quot;properties&quot;:{&quot;id&quot;:&quot;fullName&quot;,&quot;workflowVariable&quot;:&quot;&quot;,&quot;validator&quot;:{&quot;className&quot;:&quot;org.joget.apps.form.lib.DefaultValidator&quot;,&quot;properties&quot;:{&quot;mandatory&quot;:&quot;true&quot;,&quot;type&quot;:&quot;&quot;}},&quot;label&quot;:&quot;Full Name&quot;,&quot;readonly&quot;:&quot;&quot;,&quot;size&quot;:&quot;&quot;}},{&quot;className&quot;:&quot;org.joget.apps.form.lib.TextField&quot;,&quot;properties&quot;:{&quot;id&quot;:&quot;lastName&quot;,&quot;workflowVariable&quot;:&quot;&quot;,&quot;validator&quot;:{&quot;className&quot;:&quot;&quot;,&quot;properties&quot;:{}},&quot;label&quot;:&quot;Last Name&quot;,&quot;readonly&quot;:&quot;&quot;,&quot;size&quot;:&quot;&quot;}},{&quot;className&quot;:&quot;org.joget.apps.form.lib.SelectBox&quot;,&quot;properties&quot;:{&quot;id&quot;:&quot;addressAvailable&quot;,&quot;workflowVariable&quot;:&quot;&quot;,&quot;optionsBinder&quot;:{&quot;className&quot;:&quot;&quot;,&quot;properties&quot;:{}},&quot;validator&quot;:{&quot;className&quot;:&quot;&quot;,&quot;properties&quot;:{}},&quot;label&quot;:&quot;Address Available&quot;,&quot;readonly&quot;:&quot;&quot;,&quot;multiple&quot;:&quot;&quot;,&quot;options&quot;:[{&quot;value&quot;:&quot;no&quot;,&quot;label&quot;:&quot;No&quot;},{&quot;value&quot;:&quot;yes&quot;,&quot;label&quot;:&quot;Yes&quot;}],&quot;size&quot;:&quot;&quot;}},{&quot;className&quot;:&quot;org.joget.apps.form.lib.FileUpload&quot;,&quot;properties&quot;:{&quot;id&quot;:&quot;photo&quot;,&quot;label&quot;:&quot;Photo&quot;,&quot;readonly&quot;:&quot;&quot;,&quot;size&quot;:&quot;&quot;}}],&quot;className&quot;:&quot;org.joget.apps.form.model.Column&quot;,&quot;properties&quot;:{&quot;width&quot;:&quot;99%&quot;}}],&quot;className&quot;:&quot;org.joget.apps.form.model.Section&quot;,&quot;properties&quot;:{&quot;id&quot;:&quot;contact_details&quot;,&quot;loadBinder&quot;:{&quot;className&quot;:&quot;&quot;,&quot;properties&quot;:{}},&quot;visibilityControl&quot;:&quot;&quot;,&quot;visibilityValue&quot;:&quot;&quot;,&quot;storeBinder&quot;:{&quot;className&quot;:&quot;&quot;,&quot;properties&quot;:{}},&quot;label&quot;:&quot;Contact Details&quot;}},{&quot;elements&quot;:[{&quot;elements&quot;:[{&quot;className&quot;:&quot;org.joget.apps.form.lib.TextArea&quot;,&quot;properties&quot;:{&quot;id&quot;:&quot;address&quot;,&quot;cols&quot;:&quot;20&quot;,&quot;validator&quot;:{&quot;className&quot;:&quot;org.joget.apps.form.lib.DefaultValidator&quot;,&quot;properties&quot;:{}},&quot;label&quot;:&quot;Address&quot;,&quot;readonly&quot;:&quot;&quot;,&quot;rows&quot;:&quot;5&quot;}}],&quot;className&quot;:&quot;org.joget.apps.form.model.Column&quot;,&quot;properties&quot;:{&quot;width&quot;:&quot;49%&quot;}},{&quot;elements&quot;:[{&quot;className&quot;:&quot;org.joget.apps.form.lib.TextField&quot;,&quot;properties&quot;:{&quot;id&quot;:&quot;city&quot;,&quot;workflowVariable&quot;:&quot;&quot;,&quot;validator&quot;:{&quot;className&quot;:&quot;&quot;,&quot;properties&quot;:{}},&quot;label&quot;:&quot;City&quot;,&quot;readonly&quot;:&quot;&quot;,&quot;size&quot;:&quot;&quot;}},{&quot;className&quot;:&quot;org.joget.apps.form.lib.TextField&quot;,&quot;properties&quot;:{&quot;id&quot;:&quot;state&quot;,&quot;workflowVariable&quot;:&quot;&quot;,&quot;validator&quot;:{&quot;className&quot;:&quot;&quot;,&quot;properties&quot;:{}},&quot;label&quot;:&quot;State&quot;,&quot;readonly&quot;:&quot;&quot;,&quot;size&quot;:&quot;&quot;}}],&quot;className&quot;:&quot;org.joget.apps.form.model.Column&quot;,&quot;properties&quot;:{&quot;width&quot;:&quot;49%&quot;}}],&quot;className&quot;:&quot;org.joget.apps.form.model.Section&quot;,&quot;properties&quot;:{&quot;id&quot;:&quot;address_details&quot;,&quot;loadBinder&quot;:{&quot;className&quot;:&quot;&quot;,&quot;properties&quot;:{}},&quot;visibilityControl&quot;:&quot;addressAvailable&quot;,&quot;visibilityValue&quot;:&quot;yes&quot;,&quot;storeBinder&quot;:{&quot;className&quot;:&quot;&quot;,&quot;properties&quot;:{}},&quot;label&quot;:&quot;Address Details&quot;}}]}</json>
         <dateCreated class="java.sql.Timestamp">2015-05-19 23:15:20.0 GMT</dateCreated>
         <dateModified class="java.sql.Timestamp">2015-05-19 23:15:20.0 GMT</dateModified>
      </formDefinition>
      <formDefinition>
         <id>crm_opportunity</id>
         <appId>crm</appId>
         <appVersion>1</appVersion>
         <name>Opportunity Form</name>
         <tableName>crm_opportunity</tableName>
         <json>{&quot;className&quot;:&quot;org.joget.apps.form.model.Form&quot;,&quot;properties&quot;:{&quot;id&quot;:&quot;crm_opportunity&quot;,&quot;loadBinder&quot;:{&quot;className&quot;:&quot;org.joget.apps.form.lib.WorkflowFormBinder&quot;},&quot;tableName&quot;:&quot;crm_opportunity&quot;,&quot;name&quot;:&quot;Opportunity Form&quot;,&quot;storeBinder&quot;:{&quot;className&quot;:&quot;org.joget.apps.form.lib.WorkflowFormBinder&quot;}},&quot;elements&quot;:[{&quot;elements&quot;:[{&quot;elements&quot;:[{&quot;className&quot;:&quot;org.joget.apps.form.lib.TextField&quot;,&quot;properties&quot;:{&quot;id&quot;:&quot;title&quot;,&quot;workflowVariable&quot;:&quot;&quot;,&quot;validator&quot;:{&quot;className&quot;:&quot;org.joget.apps.form.lib.DefaultValidator&quot;,&quot;properties&quot;:{&quot;mandatory&quot;:&quot;true&quot;,&quot;type&quot;:&quot;&quot;}},&quot;label&quot;:&quot;Title&quot;,&quot;readonly&quot;:&quot;&quot;,&quot;size&quot;:&quot;&quot;}},{&quot;className&quot;:&quot;org.joget.apps.form.lib.TextArea&quot;,&quot;properties&quot;:{&quot;id&quot;:&quot;description&quot;,&quot;cols&quot;:&quot;15&quot;,&quot;validator&quot;:{&quot;className&quot;:&quot;&quot;,&quot;properties&quot;:{}},&quot;label&quot;:&quot;Description&quot;,&quot;readonly&quot;:&quot;&quot;,&quot;rows&quot;:&quot;5&quot;}}],&quot;className&quot;:&quot;org.joget.apps.form.model.Column&quot;,&quot;properties&quot;:{&quot;width&quot;:&quot;49%&quot;}},{&quot;elements&quot;:[{&quot;className&quot;:&quot;org.joget.apps.form.lib.TextField&quot;,&quot;properties&quot;:{&quot;id&quot;:&quot;amount&quot;,&quot;workflowVariable&quot;:&quot;&quot;,&quot;validator&quot;:{&quot;className&quot;:&quot;&quot;,&quot;properties&quot;:{}},&quot;label&quot;:&quot;Amount&quot;,&quot;readonly&quot;:&quot;&quot;,&quot;size&quot;:&quot;&quot;}},{&quot;className&quot;:&quot;org.joget.apps.form.lib.SelectBox&quot;,&quot;properties&quot;:{&quot;id&quot;:&quot;stage&quot;,&quot;workflowVariable&quot;:&quot;&quot;,&quot;optionsBinder&quot;:{&quot;className&quot;:&quot;&quot;,&quot;properties&quot;:{}},&quot;validator&quot;:{&quot;className&quot;:&quot;&quot;,&quot;properties&quot;:{}},&quot;label&quot;:&quot;Stage&quot;,&quot;multiple&quot;:&quot;&quot;,&quot;readonly&quot;:&quot;&quot;,&quot;size&quot;:&quot;&quot;,&quot;options&quot;:[{&quot;value&quot;:&quot;&quot;,&quot;label&quot;:&quot;&quot;},{&quot;value&quot;:&quot;open&quot;,&quot;label&quot;:&quot;Open&quot;},{&quot;value&quot;:&quot;won&quot;,&quot;label&quot;:&quot;Won&quot;},{&quot;value&quot;:&quot;lost&quot;,&quot;label&quot;:&quot;Lost&quot;}]}},{&quot;className&quot;:&quot;org.joget.apps.form.lib.SelectBox&quot;,&quot;properties&quot;:{&quot;id&quot;:&quot;source&quot;,&quot;workflowVariable&quot;:&quot;&quot;,&quot;optionsBinder&quot;:{&quot;className&quot;:&quot;&quot;,&quot;properties&quot;:{}},&quot;validator&quot;:{&quot;className&quot;:&quot;&quot;,&quot;properties&quot;:{}},&quot;label&quot;:&quot;Source&quot;,&quot;multiple&quot;:&quot;&quot;,&quot;readonly&quot;:&quot;&quot;,&quot;size&quot;:&quot;&quot;,&quot;options&quot;:[{&quot;value&quot;:&quot;&quot;,&quot;label&quot;:&quot;&quot;},{&quot;value&quot;:&quot;direct&quot;,&quot;label&quot;:&quot;Direct&quot;},{&quot;value&quot;:&quot;indirect&quot;,&quot;label&quot;:&quot;Indirect&quot;}]}}],&quot;className&quot;:&quot;org.joget.apps.form.model.Column&quot;,&quot;properties&quot;:{&quot;width&quot;:&quot;49%&quot;}}],&quot;className&quot;:&quot;org.joget.apps.form.model.Section&quot;,&quot;properties&quot;:{&quot;id&quot;:&quot;opportunity&quot;,&quot;loadBinder&quot;:{&quot;className&quot;:&quot;&quot;,&quot;properties&quot;:{}},&quot;visibilityControl&quot;:&quot;&quot;,&quot;visibilityValue&quot;:&quot;&quot;,&quot;storeBinder&quot;:{&quot;className&quot;:&quot;&quot;,&quot;properties&quot;:{}},&quot;label&quot;:&quot;Opportunity&quot;}},{&quot;elements&quot;:[{&quot;elements&quot;:[{&quot;className&quot;:&quot;org.joget.apps.form.lib.SelectBox&quot;,&quot;properties&quot;:{&quot;id&quot;:&quot;newAccount&quot;,&quot;workflowVariable&quot;:&quot;&quot;,&quot;optionsBinder&quot;:{&quot;className&quot;:&quot;&quot;,&quot;properties&quot;:{}},&quot;validator&quot;:{&quot;className&quot;:&quot;org.joget.apps.form.lib.DefaultValidator&quot;,&quot;properties&quot;:{}},&quot;label&quot;:&quot;New Account&quot;,&quot;readonly&quot;:&quot;&quot;,&quot;multiple&quot;:&quot;&quot;,&quot;options&quot;:[{&quot;value&quot;:&quot;yes&quot;,&quot;label&quot;:&quot;Yes&quot;},{&quot;value&quot;:&quot;no&quot;,&quot;label&quot;:&quot;No&quot;}],&quot;size&quot;:&quot;&quot;}}],&quot;className&quot;:&quot;org.joget.apps.form.model.Column&quot;,&quot;properties&quot;:{&quot;width&quot;:&quot;49%&quot;}},{&quot;elements&quot;:[],&quot;className&quot;:&quot;org.joget.apps.form.model.Column&quot;,&quot;properties&quot;:{&quot;width&quot;:&quot;49%&quot;}}],&quot;className&quot;:&quot;org.joget.apps.form.model.Section&quot;,&quot;properties&quot;:{&quot;id&quot;:&quot;accountChoice&quot;,&quot;loadBinder&quot;:{&quot;className&quot;:&quot;&quot;,&quot;properties&quot;:{}},&quot;visibilityControl&quot;:&quot;&quot;,&quot;visibilityValue&quot;:&quot;&quot;,&quot;storeBinder&quot;:{&quot;className&quot;:&quot;&quot;,&quot;properties&quot;:{}},&quot;label&quot;:&quot;&quot;}},{&quot;elements&quot;:[{&quot;elements&quot;:[{&quot;className&quot;:&quot;org.joget.apps.form.lib.SelectBox&quot;,&quot;properties&quot;:{&quot;id&quot;:&quot;account&quot;,&quot;workflowVariable&quot;:&quot;&quot;,&quot;optionsBinder&quot;:{&quot;className&quot;:&quot;org.joget.apps.form.lib.FormOptionsBinder&quot;,&quot;properties&quot;:{&quot;formDefId&quot;:&quot;crm_account&quot;,&quot;extraCondition&quot;:&quot;&quot;,&quot;labelColumn&quot;:&quot;accountName&quot;}},&quot;validator&quot;:{&quot;className&quot;:&quot;&quot;,&quot;properties&quot;:{}},&quot;label&quot;:&quot;Account&quot;,&quot;multiple&quot;:&quot;&quot;,&quot;readonly&quot;:&quot;&quot;,&quot;size&quot;:&quot;&quot;,&quot;options&quot;:[]}}],&quot;className&quot;:&quot;org.joget.apps.form.model.Column&quot;,&quot;properties&quot;:{&quot;width&quot;:&quot;99%&quot;}}],&quot;className&quot;:&quot;org.joget.apps.form.model.Section&quot;,&quot;properties&quot;:{&quot;id&quot;:&quot;account_existing&quot;,&quot;loadBinder&quot;:{&quot;className&quot;:&quot;&quot;,&quot;properties&quot;:{}},&quot;visibilityControl&quot;:&quot;newAccount&quot;,&quot;visibilityValue&quot;:&quot;no&quot;,&quot;storeBinder&quot;:{&quot;className&quot;:&quot;&quot;,&quot;properties&quot;:{}},&quot;label&quot;:&quot;Existing Account&quot;}},{&quot;elements&quot;:[{&quot;elements&quot;:[{&quot;className&quot;:&quot;org.joget.apps.form.lib.SubForm&quot;,&quot;properties&quot;:{&quot;id&quot;:&quot;account&quot;,&quot;formDefId&quot;:&quot;crm_account&quot;,&quot;loadBinder&quot;:{&quot;className&quot;:&quot;org.joget.apps.form.lib.WorkflowFormBinder&quot;,&quot;properties&quot;:{}},&quot;subFormParentId&quot;:&quot;&quot;,&quot;storeBinder&quot;:{&quot;className&quot;:&quot;org.joget.apps.form.lib.WorkflowFormBinder&quot;,&quot;properties&quot;:{}},&quot;label&quot;:&quot;&quot;,&quot;parentSubFormId&quot;:&quot;account&quot;,&quot;readonly&quot;:&quot;&quot;}},{&quot;className&quot;:&quot;org.joget.apps.form.lib.CustomHTML&quot;,&quot;properties&quot;:{&quot;id&quot;:&quot;script1&quot;,&quot;validator&quot;:{&quot;className&quot;:&quot;&quot;,&quot;properties&quot;:{}},&quot;value&quot;:&quot;&lt;script&gt;\nvar val = $(\&quot;#account_crm_accountid\&quot;).val();\nif (val != &apos;&apos;) {\n    $(\&quot;#newAccount\&quot;).val(\&quot;no\&quot;);\n    $(\&quot;#newAccount\&quot;).trigger(\&quot;change\&quot;);\n}\n&lt;\/script&gt;&quot;,&quot;label&quot;:&quot;&quot;}}],&quot;className&quot;:&quot;org.joget.apps.form.model.Column&quot;,&quot;properties&quot;:{&quot;width&quot;:&quot;99%&quot;}}],&quot;className&quot;:&quot;org.joget.apps.form.model.Section&quot;,&quot;properties&quot;:{&quot;id&quot;:&quot;account_new&quot;,&quot;loadBinder&quot;:{&quot;className&quot;:&quot;&quot;,&quot;properties&quot;:{}},&quot;visibilityControl&quot;:&quot;newAccount&quot;,&quot;visibilityValue&quot;:&quot;yes&quot;,&quot;storeBinder&quot;:{&quot;className&quot;:&quot;&quot;,&quot;properties&quot;:{}},&quot;label&quot;:&quot;Account&quot;}}]}</json>
         <dateCreated class="java.sql.Timestamp">2015-05-19 23:15:20.0 GMT</dateCreated>
         <dateModified class="java.sql.Timestamp">2015-05-19 23:15:20.0 GMT</dateModified>
      </formDefinition>
      <formDefinition>
         <id>crm_proposal_approval_form</id>
         <appId>crm</appId>
         <appVersion>1</appVersion>
         <name>Proposal Approval Form</name>
         <tableName>crm_proposal</tableName>
         <json>{&quot;className&quot;:&quot;org.joget.apps.form.model.Form&quot;,&quot;properties&quot;:{&quot;id&quot;:&quot;crm_proposal_approval_form&quot;,&quot;loadBinder&quot;:{&quot;className&quot;:&quot;org.joget.apps.form.lib.WorkflowFormBinder&quot;},&quot;tableName&quot;:&quot;crm_proposal&quot;,&quot;name&quot;:&quot;Proposal Approval Form&quot;,&quot;storeBinder&quot;:{&quot;className&quot;:&quot;org.joget.apps.form.lib.WorkflowFormBinder&quot;}},&quot;elements&quot;:[{&quot;elements&quot;:[{&quot;elements&quot;:[{&quot;className&quot;:&quot;org.joget.apps.form.lib.SubForm&quot;,&quot;properties&quot;:{&quot;id&quot;:&quot;proposal&quot;,&quot;formDefId&quot;:&quot;crm_proposal_form&quot;,&quot;loadBinder&quot;:{&quot;className&quot;:&quot;org.joget.apps.form.lib.WorkflowFormBinder&quot;,&quot;properties&quot;:{}},&quot;subFormParentId&quot;:&quot;&quot;,&quot;storeBinder&quot;:{&quot;className&quot;:&quot;org.joget.apps.form.lib.WorkflowFormBinder&quot;,&quot;properties&quot;:{}},&quot;label&quot;:&quot;&quot;,&quot;parentSubFormId&quot;:&quot;&quot;,&quot;readonly&quot;:&quot;true&quot;}}],&quot;className&quot;:&quot;org.joget.apps.form.model.Column&quot;,&quot;properties&quot;:{&quot;width&quot;:&quot;99%&quot;}}],&quot;className&quot;:&quot;org.joget.apps.form.model.Section&quot;,&quot;properties&quot;:{&quot;id&quot;:&quot;section1&quot;,&quot;loadBinder&quot;:{&quot;className&quot;:&quot;&quot;,&quot;properties&quot;:{}},&quot;visibilityControl&quot;:&quot;&quot;,&quot;visibilityValue&quot;:&quot;&quot;,&quot;storeBinder&quot;:{&quot;className&quot;:&quot;&quot;,&quot;properties&quot;:{}},&quot;label&quot;:&quot;Proposal Approval&quot;}},{&quot;elements&quot;:[{&quot;elements&quot;:[{&quot;className&quot;:&quot;org.joget.apps.form.lib.SelectBox&quot;,&quot;properties&quot;:{&quot;id&quot;:&quot;status&quot;,&quot;workflowVariable&quot;:&quot;status&quot;,&quot;optionsBinder&quot;:{&quot;className&quot;:&quot;&quot;,&quot;properties&quot;:{}},&quot;validator&quot;:{&quot;className&quot;:&quot;org.joget.apps.form.lib.DefaultValidator&quot;,&quot;properties&quot;:{&quot;mandatory&quot;:&quot;true&quot;,&quot;type&quot;:&quot;&quot;}},&quot;label&quot;:&quot;Status&quot;,&quot;multiple&quot;:&quot;&quot;,&quot;readonly&quot;:&quot;&quot;,&quot;size&quot;:&quot;&quot;,&quot;options&quot;:[{&quot;value&quot;:&quot;approved&quot;,&quot;label&quot;:&quot;Approved&quot;},{&quot;value&quot;:&quot;resubmit&quot;,&quot;label&quot;:&quot;Resubmit&quot;},{&quot;value&quot;:&quot;rejected&quot;,&quot;label&quot;:&quot;Rejected&quot;}]}},{&quot;className&quot;:&quot;org.joget.apps.form.lib.TextArea&quot;,&quot;properties&quot;:{&quot;id&quot;:&quot;comments&quot;,&quot;cols&quot;:&quot;20&quot;,&quot;validator&quot;:{&quot;className&quot;:&quot;&quot;,&quot;properties&quot;:{}},&quot;label&quot;:&quot;Approver Comments&quot;,&quot;readonly&quot;:&quot;&quot;,&quot;rows&quot;:&quot;5&quot;}}],&quot;className&quot;:&quot;org.joget.apps.form.model.Column&quot;,&quot;properties&quot;:{&quot;width&quot;:&quot;99%&quot;}}],&quot;className&quot;:&quot;org.joget.apps.form.model.Section&quot;,&quot;properties&quot;:{&quot;id&quot;:&quot;section2&quot;,&quot;loadBinder&quot;:{&quot;className&quot;:&quot;&quot;,&quot;properties&quot;:{}},&quot;visibilityControl&quot;:&quot;&quot;,&quot;visibilityValue&quot;:&quot;&quot;,&quot;storeBinder&quot;:{&quot;className&quot;:&quot;&quot;,&quot;properties&quot;:{}},&quot;label&quot;:&quot;Approver Action&quot;}}]}</json>
         <dateCreated class="java.sql.Timestamp">2015-05-19 23:15:20.0 GMT</dateCreated>
         <dateModified class="java.sql.Timestamp">2015-05-19 23:15:20.0 GMT</dateModified>
      </formDefinition>
      <formDefinition>
         <id>crm_proposal_form</id>
         <appId>crm</appId>
         <appVersion>1</appVersion>
         <name>Proposal Form</name>
         <tableName>crm_proposal</tableName>
         <json>{&quot;className&quot;:&quot;org.joget.apps.form.model.Form&quot;,&quot;properties&quot;:{&quot;id&quot;:&quot;crm_proposal_form&quot;,&quot;loadBinder&quot;:{&quot;className&quot;:&quot;org.joget.apps.form.lib.WorkflowFormBinder&quot;},&quot;tableName&quot;:&quot;crm_proposal&quot;,&quot;name&quot;:&quot;Proposal Form&quot;,&quot;storeBinder&quot;:{&quot;className&quot;:&quot;org.joget.apps.form.lib.WorkflowFormBinder&quot;}},&quot;elements&quot;:[{&quot;elements&quot;:[{&quot;elements&quot;:[{&quot;className&quot;:&quot;org.joget.apps.form.lib.IdGeneratorField&quot;,&quot;properties&quot;:{&quot;id&quot;:&quot;refNo&quot;,&quot;workflowVariable&quot;:&quot;&quot;,&quot;label&quot;:&quot;Reference No&quot;,&quot;format&quot;:&quot;REF-??????&quot;,&quot;envVariable&quot;:&quot;refNo&quot;}},{&quot;className&quot;:&quot;org.joget.apps.form.lib.SelectBox&quot;,&quot;properties&quot;:{&quot;id&quot;:&quot;account&quot;,&quot;workflowVariable&quot;:&quot;&quot;,&quot;optionsBinder&quot;:{&quot;className&quot;:&quot;org.joget.apps.form.lib.FormOptionsBinder&quot;,&quot;properties&quot;:{&quot;formDefId&quot;:&quot;crm_account&quot;,&quot;extraCondition&quot;:&quot;&quot;,&quot;labelColumn&quot;:&quot;accountName&quot;}},&quot;validator&quot;:{&quot;className&quot;:&quot;&quot;,&quot;properties&quot;:{}},&quot;label&quot;:&quot;Account&quot;,&quot;multiple&quot;:&quot;&quot;,&quot;readonly&quot;:&quot;&quot;,&quot;size&quot;:&quot;&quot;,&quot;options&quot;:[]}},{&quot;className&quot;:&quot;org.joget.apps.form.lib.TextField&quot;,&quot;properties&quot;:{&quot;id&quot;:&quot;title&quot;,&quot;workflowVariable&quot;:&quot;&quot;,&quot;validator&quot;:{&quot;className&quot;:&quot;org.joget.apps.form.lib.DefaultValidator&quot;,&quot;properties&quot;:{&quot;mandatory&quot;:&quot;true&quot;,&quot;type&quot;:&quot;&quot;}},&quot;label&quot;:&quot;Title&quot;,&quot;readonly&quot;:&quot;&quot;,&quot;size&quot;:&quot;&quot;}},{&quot;className&quot;:&quot;org.joget.apps.form.lib.TextArea&quot;,&quot;properties&quot;:{&quot;id&quot;:&quot;description&quot;,&quot;cols&quot;:&quot;20&quot;,&quot;validator&quot;:{&quot;className&quot;:&quot;&quot;,&quot;properties&quot;:{}},&quot;label&quot;:&quot;Description&quot;,&quot;readonly&quot;:&quot;&quot;,&quot;rows&quot;:&quot;5&quot;}},{&quot;className&quot;:&quot;org.joget.apps.form.lib.FileUpload&quot;,&quot;properties&quot;:{&quot;id&quot;:&quot;attachment&quot;,&quot;label&quot;:&quot;Attachment&quot;,&quot;attachment&quot;:&quot;true&quot;,&quot;readonly&quot;:&quot;&quot;,&quot;size&quot;:&quot;&quot;}}],&quot;className&quot;:&quot;org.joget.apps.form.model.Column&quot;,&quot;properties&quot;:{&quot;width&quot;:&quot;99%&quot;}}],&quot;className&quot;:&quot;org.joget.apps.form.model.Section&quot;,&quot;properties&quot;:{&quot;id&quot;:&quot;section1&quot;,&quot;loadBinder&quot;:{&quot;className&quot;:&quot;&quot;,&quot;properties&quot;:{}},&quot;visibilityControl&quot;:&quot;&quot;,&quot;visibilityValue&quot;:&quot;&quot;,&quot;storeBinder&quot;:{&quot;className&quot;:&quot;&quot;,&quot;properties&quot;:{}},&quot;label&quot;:&quot;Proposal Form&quot;}}]}</json>
         <dateCreated class="java.sql.Timestamp">2015-05-19 23:15:20.0 GMT</dateCreated>
         <dateModified class="java.sql.Timestamp">2015-05-19 23:15:20.0 GMT</dateModified>
      </formDefinition>
      <formDefinition>
         <id>crm_proposal_resubmit_form</id>
         <appId>crm</appId>
         <appVersion>1</appVersion>
         <name>Proposal Resubmit Form</name>
         <tableName>crm_proposal</tableName>
         <json>{&quot;className&quot;:&quot;org.joget.apps.form.model.Form&quot;,&quot;properties&quot;:{&quot;id&quot;:&quot;crm_proposal_resubmit_form&quot;,&quot;loadBinder&quot;:{&quot;className&quot;:&quot;org.joget.apps.form.lib.WorkflowFormBinder&quot;},&quot;tableName&quot;:&quot;crm_proposal&quot;,&quot;name&quot;:&quot;Proposal Resubmit Form&quot;,&quot;storeBinder&quot;:{&quot;className&quot;:&quot;org.joget.apps.form.lib.WorkflowFormBinder&quot;}},&quot;elements&quot;:[{&quot;elements&quot;:[{&quot;elements&quot;:[{&quot;className&quot;:&quot;org.joget.apps.form.lib.SubForm&quot;,&quot;properties&quot;:{&quot;id&quot;:&quot;approval&quot;,&quot;formDefId&quot;:&quot;crm_proposal_approval_form&quot;,&quot;loadBinder&quot;:{&quot;className&quot;:&quot;org.joget.apps.form.lib.WorkflowFormBinder&quot;,&quot;properties&quot;:{}},&quot;subFormParentId&quot;:&quot;&quot;,&quot;storeBinder&quot;:{&quot;className&quot;:&quot;org.joget.apps.form.lib.WorkflowFormBinder&quot;,&quot;properties&quot;:{}},&quot;label&quot;:&quot;&quot;,&quot;parentSubFormId&quot;:&quot;&quot;,&quot;readonly&quot;:&quot;true&quot;}}],&quot;className&quot;:&quot;org.joget.apps.form.model.Column&quot;,&quot;properties&quot;:{&quot;width&quot;:&quot;99%&quot;}}],&quot;className&quot;:&quot;org.joget.apps.form.model.Section&quot;,&quot;properties&quot;:{&quot;id&quot;:&quot;section1&quot;,&quot;loadBinder&quot;:{&quot;className&quot;:&quot;&quot;,&quot;properties&quot;:{}},&quot;visibilityControl&quot;:&quot;&quot;,&quot;visibilityValue&quot;:&quot;&quot;,&quot;storeBinder&quot;:{&quot;className&quot;:&quot;&quot;,&quot;properties&quot;:{}},&quot;label&quot;:&quot;Proposal Resubmit&quot;}},{&quot;elements&quot;:[{&quot;elements&quot;:[{&quot;className&quot;:&quot;org.joget.apps.form.lib.SubForm&quot;,&quot;properties&quot;:{&quot;id&quot;:&quot;proposal&quot;,&quot;formDefId&quot;:&quot;crm_proposal_form&quot;,&quot;loadBinder&quot;:{&quot;className&quot;:&quot;&quot;,&quot;properties&quot;:{}},&quot;subFormParentId&quot;:&quot;&quot;,&quot;storeBinder&quot;:{&quot;className&quot;:&quot;&quot;,&quot;properties&quot;:{}},&quot;label&quot;:&quot;&quot;,&quot;parentSubFormId&quot;:&quot;&quot;,&quot;readonly&quot;:&quot;&quot;}},{&quot;className&quot;:&quot;org.joget.apps.form.lib.HiddenField&quot;,&quot;properties&quot;:{&quot;id&quot;:&quot;status&quot;,&quot;workflowVariable&quot;:&quot;status&quot;,&quot;value&quot;:&quot;pending&quot;}}],&quot;className&quot;:&quot;org.joget.apps.form.model.Column&quot;,&quot;properties&quot;:{&quot;width&quot;:&quot;99%&quot;}}],&quot;className&quot;:&quot;org.joget.apps.form.model.Section&quot;,&quot;properties&quot;:{&quot;id&quot;:&quot;section2&quot;,&quot;loadBinder&quot;:{&quot;className&quot;:&quot;&quot;,&quot;properties&quot;:{}},&quot;visibilityControl&quot;:&quot;&quot;,&quot;visibilityValue&quot;:&quot;&quot;,&quot;storeBinder&quot;:{&quot;className&quot;:&quot;&quot;,&quot;properties&quot;:{}},&quot;label&quot;:&quot;Proposal Resubmission&quot;}}]}</json>
         <dateCreated class="java.sql.Timestamp">2015-05-19 23:15:20.0 GMT</dateCreated>
         <dateModified class="java.sql.Timestamp">2015-05-19 23:15:20.0 GMT</dateModified>
      </formDefinition>
      <formDefinition>
         <id>crm_proposal_sending_form</id>
         <appId>crm</appId>
         <appVersion>1</appVersion>
         <name>Proposal Sending Form</name>
         <tableName>crm_proposal</tableName>
         <json>{&quot;className&quot;:&quot;org.joget.apps.form.model.Form&quot;,&quot;properties&quot;:{&quot;id&quot;:&quot;crm_proposal_sending_form&quot;,&quot;loadBinder&quot;:{&quot;className&quot;:&quot;org.joget.apps.form.lib.WorkflowFormBinder&quot;},&quot;tableName&quot;:&quot;crm_proposal&quot;,&quot;name&quot;:&quot;Proposal Sending Form&quot;,&quot;storeBinder&quot;:{&quot;className&quot;:&quot;org.joget.apps.form.lib.WorkflowFormBinder&quot;}},&quot;elements&quot;:[{&quot;elements&quot;:[{&quot;elements&quot;:[{&quot;className&quot;:&quot;org.joget.apps.form.lib.SubForm&quot;,&quot;properties&quot;:{&quot;id&quot;:&quot;approval&quot;,&quot;formDefId&quot;:&quot;crm_proposal_approval_form&quot;,&quot;loadBinder&quot;:{&quot;className&quot;:&quot;org.joget.apps.form.lib.WorkflowFormBinder&quot;,&quot;properties&quot;:{}},&quot;subFormParentId&quot;:&quot;&quot;,&quot;storeBinder&quot;:{&quot;className&quot;:&quot;org.joget.apps.form.lib.WorkflowFormBinder&quot;,&quot;properties&quot;:{}},&quot;label&quot;:&quot;&quot;,&quot;parentSubFormId&quot;:&quot;&quot;,&quot;readonly&quot;:&quot;true&quot;}}],&quot;className&quot;:&quot;org.joget.apps.form.model.Column&quot;,&quot;properties&quot;:{&quot;width&quot;:&quot;99%&quot;}}],&quot;className&quot;:&quot;org.joget.apps.form.model.Section&quot;,&quot;properties&quot;:{&quot;id&quot;:&quot;section1&quot;,&quot;loadBinder&quot;:{&quot;className&quot;:&quot;&quot;,&quot;properties&quot;:{}},&quot;visibilityControl&quot;:&quot;&quot;,&quot;visibilityValue&quot;:&quot;&quot;,&quot;storeBinder&quot;:{&quot;className&quot;:&quot;&quot;,&quot;properties&quot;:{}},&quot;label&quot;:&quot;Proposal Sending&quot;}},{&quot;elements&quot;:[{&quot;elements&quot;:[{&quot;className&quot;:&quot;org.joget.apps.form.lib.TextArea&quot;,&quot;properties&quot;:{&quot;id&quot;:&quot;notes&quot;,&quot;cols&quot;:&quot;20&quot;,&quot;validator&quot;:{&quot;className&quot;:&quot;&quot;,&quot;properties&quot;:{}},&quot;label&quot;:&quot;Notes&quot;,&quot;readonly&quot;:&quot;&quot;,&quot;rows&quot;:&quot;5&quot;}}],&quot;className&quot;:&quot;org.joget.apps.form.model.Column&quot;,&quot;properties&quot;:{&quot;width&quot;:&quot;99%&quot;}}],&quot;className&quot;:&quot;org.joget.apps.form.model.Section&quot;,&quot;properties&quot;:{&quot;id&quot;:&quot;section2&quot;,&quot;loadBinder&quot;:{&quot;className&quot;:&quot;&quot;,&quot;properties&quot;:{}},&quot;visibilityControl&quot;:&quot;&quot;,&quot;visibilityValue&quot;:&quot;&quot;,&quot;storeBinder&quot;:{&quot;className&quot;:&quot;&quot;,&quot;properties&quot;:{}},&quot;label&quot;:&quot;&quot;}}]}</json>
         <dateCreated class="java.sql.Timestamp">2015-05-19 23:15:20.0 GMT</dateCreated>
         <dateModified class="java.sql.Timestamp">2015-05-19 23:15:20.0 GMT</dateModified>
      </formDefinition>
  </formDefinitionList>
   <userviewDefinitionList>
      <userviewDefinition>
         <id>crm_userview_sales</id>
         <appId>crm</appId>
         <appVersion>1</appVersion>
         <name>CRM: Sales Force Automation</name>
         <json>{&quot;className&quot;:&quot;org.joget.apps.userview.model.Userview&quot;,&quot;properties&quot;:{&quot;id&quot;:&quot;crm_userview_sales&quot;,&quot;name&quot;:&quot;CRM: Sales Force Automation&quot;,&quot;description&quot;:&quot;&quot;,&quot;welcomeMessage&quot;:&quot;Sales Force Automation&quot;,&quot;logoutText&quot;:&quot;Logout&quot;,&quot;footerMessage&quot;:&quot;Powered by Joget&quot;},&quot;layout&quot;:{&quot;className&quot;:&quot;org.joget.apps.userview.model.UserviewLayout&quot;,&quot;properties&quot;:{&quot;customHeader&quot;:&quot;&quot;,&quot;customFooter&quot;:&quot;&quot;,&quot;beforeMenu&quot;:&quot;&quot;,&quot;afterMenu&quot;:&quot;&quot;,&quot;theme&quot;:{&quot;className&quot;:&quot;org.joget.apps.userview.lib.DefaultTheme&quot;,&quot;properties&quot;:{&quot;css&quot;:&quot;&quot;,&quot;js&quot;:&quot;&quot;}}}},&quot;categories&quot;:[{&quot;className&quot;:&quot;org.joget.apps.userview.model.UserviewCategory&quot;,&quot;properties&quot;:{&quot;id&quot;:&quot;category-9BE91A55FAAC4B5098841EA9E1994BE6&quot;,&quot;label&quot;:&quot;Home&quot;,&quot;hide&quot;:&quot;&quot;,&quot;permission&quot;:{&quot;className&quot;:&quot;&quot;,&quot;properties&quot;:{&quot;allowedGroupIds&quot;:&quot;&quot;}}},&quot;menus&quot;:[{&quot;className&quot;:&quot;org.joget.apps.userview.lib.HtmlPage&quot;,&quot;properties&quot;:{&quot;id&quot;:&quot;welcome&quot;,&quot;customId&quot;:&quot;welcome&quot;,&quot;label&quot;:&quot;Welcome&quot;,&quot;content&quot;:&quot;&lt;div id=\&quot;left_content\&quot;&gt;\n&lt;div style=\&quot;float: left; width: 400px; margin-right: 10px;\&quot;&gt;\n&lt;h4 style=\&quot;margin: 0px; padding: 0px; border-width: 0px; font-family: inherit; font-style: inherit; font-variant: inherit; font-size: inherit; line-height: inherit; font-size-adjust: inherit; font-stretch: inherit; vertical-align: baseline; font-weight: bold; color: #042c54;\&quot;&gt;More Leads, More Sales, More Customers&lt;\/h4&gt;\n&lt;h1 style=\&quot;margin: 0px; padding: 0px; border-width: 0px; font: inherit; vertical-align: baseline; color: #1f4282;\&quot;&gt;&lt;span style=\&quot;font-size: large;\&quot;&gt;&lt;strong&gt;Business CRM&lt;\/strong&gt;&lt;\/span&gt;&lt;\/h1&gt;\n&lt;p style=\&quot;margin: 0px; padding: 30px 0px 0px; border-width: 0px; font-family: inherit; font-style: inherit; font-variant: inherit; font-weight: inherit; font-size: inherit; font-size-adjust: inherit; font-stretch: inherit; vertical-align: baseline; color: #363636; line-height: 15px;\&quot;&gt;CRM helps your business communicate with prospects, share sales information, close deals and keep customers happy.&lt;img src=\&quot;http:\/\/www.joget.org\/images\/demo\/phone_pad.png\&quot; alt=\&quot;\&quot; width=\&quot;382\&quot; height=\&quot;302\&quot; \/&gt;&lt;\/p&gt;\n&lt;\/div&gt;\n&lt;\/div&gt;&quot;}}],&quot;permission&quot;:{&quot;className&quot;:&quot;org.joget.apps.userview.model.UserviewPermission&quot;,&quot;properties&quot;:{}}},{&quot;className&quot;:&quot;org.joget.apps.userview.model.UserviewCategory&quot;,&quot;properties&quot;:{&quot;id&quot;:&quot;category-7650DEEFC4CC4332AC25871B65BBDD48&quot;,&quot;label&quot;:&quot;Accounts&quot;,&quot;hide&quot;:&quot;&quot;,&quot;permission&quot;:{&quot;className&quot;:&quot;&quot;,&quot;properties&quot;:{}}},&quot;menus&quot;:[{&quot;className&quot;:&quot;org.joget.apps.userview.lib.DataListMenu&quot;,&quot;properties&quot;:{&quot;id&quot;:&quot;384344BD3E2946D097C6F5F17540C377&quot;,&quot;customId&quot;:&quot;account_list&quot;,&quot;label&quot;:&quot;Account List&quot;,&quot;datalistId&quot;:&quot;crm_account_list&quot;,&quot;rowCount&quot;:&quot;true&quot;,&quot;buttonPosition&quot;:&quot;bottomLeft&quot;,&quot;checkboxPosition&quot;:&quot;left&quot;,&quot;customHeader&quot;:&quot;&quot;,&quot;customFooter&quot;:&quot;&quot;,&quot;keyName&quot;:&quot;&quot;}},{&quot;className&quot;:&quot;org.joget.apps.userview.lib.FormMenu&quot;,&quot;properties&quot;:{&quot;id&quot;:&quot;account_form&quot;,&quot;customId&quot;:&quot;account_new&quot;,&quot;label&quot;:&quot;New Account&quot;,&quot;formId&quot;:&quot;crm_account&quot;,&quot;showInPopupDialog&quot;:&quot;&quot;,&quot;readonly&quot;:&quot;&quot;,&quot;messageShowAfterComplete&quot;:&quot;Account Updated&quot;,&quot;redirectUrlAfterComplete&quot;:&quot;account_list&quot;,&quot;redirectUrlOnCancel&quot;:&quot;account_list&quot;,&quot;fieldPassover&quot;:&quot;&quot;,&quot;fieldPassoverMethod&quot;:&quot;append&quot;,&quot;paramName&quot;:&quot;&quot;,&quot;submitButtonLabel&quot;:&quot;&quot;,&quot;cancelButtonLabel&quot;:&quot;&quot;,&quot;customHeader&quot;:&quot;&quot;,&quot;customFooter&quot;:&quot;&quot;,&quot;keyName&quot;:&quot;&quot;,&quot;loadDataWithKey&quot;:&quot;&quot;}}],&quot;permission&quot;:{&quot;className&quot;:&quot;org.joget.apps.userview.model.UserviewPermission&quot;,&quot;properties&quot;:{}}},{&quot;className&quot;:&quot;org.joget.apps.userview.model.UserviewCategory&quot;,&quot;properties&quot;:{&quot;id&quot;:&quot;category-E77D2050680D4DB0A85A5C0C3AC1C083&quot;,&quot;label&quot;:&quot;Contacts&quot;,&quot;hide&quot;:&quot;&quot;,&quot;permission&quot;:{&quot;className&quot;:&quot;&quot;,&quot;properties&quot;:{}}},&quot;menus&quot;:[{&quot;className&quot;:&quot;org.joget.apps.userview.lib.DataListMenu&quot;,&quot;properties&quot;:{&quot;id&quot;:&quot;D86B740C970C4B08B4D5CCD3DC0E9503&quot;,&quot;customId&quot;:&quot;contact_list&quot;,&quot;label&quot;:&quot;Contact List&quot;,&quot;datalistId&quot;:&quot;crm_contact_list&quot;,&quot;rowCount&quot;:&quot;true&quot;,&quot;buttonPosition&quot;:&quot;bottomLeft&quot;,&quot;checkboxPosition&quot;:&quot;left&quot;,&quot;customHeader&quot;:&quot;&quot;,&quot;customFooter&quot;:&quot;&quot;,&quot;keyName&quot;:&quot;&quot;}},{&quot;className&quot;:&quot;org.joget.apps.userview.lib.FormMenu&quot;,&quot;properties&quot;:{&quot;id&quot;:&quot;contact-form&quot;,&quot;customId&quot;:&quot;contact_new&quot;,&quot;label&quot;:&quot;New Contact&quot;,&quot;formId&quot;:&quot;crm_contact&quot;,&quot;showInPopupDialog&quot;:&quot;&quot;,&quot;readonly&quot;:&quot;&quot;,&quot;messageShowAfterComplete&quot;:&quot;&quot;,&quot;redirectUrlAfterComplete&quot;:&quot;contact_list&quot;,&quot;redirectUrlOnCancel&quot;:&quot;contact_list&quot;,&quot;fieldPassover&quot;:&quot;&quot;,&quot;fieldPassoverMethod&quot;:&quot;append&quot;,&quot;paramName&quot;:&quot;&quot;,&quot;submitButtonLabel&quot;:&quot;&quot;,&quot;cancelButtonLabel&quot;:&quot;&quot;,&quot;customHeader&quot;:&quot;&quot;,&quot;customFooter&quot;:&quot;&quot;,&quot;keyName&quot;:&quot;&quot;,&quot;loadDataWithKey&quot;:&quot;&quot;}}],&quot;permission&quot;:{&quot;className&quot;:&quot;org.joget.apps.userview.model.UserviewPermission&quot;,&quot;properties&quot;:{}}},{&quot;className&quot;:&quot;org.joget.apps.userview.model.UserviewCategory&quot;,&quot;properties&quot;:{&quot;id&quot;:&quot;category-A12DBDB14B4447A984E6095B77F28B42&quot;,&quot;label&quot;:&quot;Opportunities&quot;,&quot;hide&quot;:&quot;&quot;,&quot;permission&quot;:{&quot;className&quot;:&quot;&quot;,&quot;properties&quot;:{}}},&quot;menus&quot;:[{&quot;className&quot;:&quot;org.joget.apps.userview.lib.DataListMenu&quot;,&quot;properties&quot;:{&quot;id&quot;:&quot;A074397ABEA94CF78E2E8FA0843AB97B&quot;,&quot;customId&quot;:&quot;opportunity_list&quot;,&quot;label&quot;:&quot;Opportunity List&quot;,&quot;datalistId&quot;:&quot;crm_opportunity_list&quot;,&quot;rowCount&quot;:&quot;true&quot;,&quot;buttonPosition&quot;:&quot;bottomLeft&quot;,&quot;checkboxPosition&quot;:&quot;left&quot;,&quot;customHeader&quot;:&quot;&quot;,&quot;customFooter&quot;:&quot;&quot;,&quot;keyName&quot;:&quot;&quot;}},{&quot;className&quot;:&quot;org.joget.apps.userview.lib.FormMenu&quot;,&quot;properties&quot;:{&quot;id&quot;:&quot;0C7E36768A2F46BB945CEC50E62E0BE8&quot;,&quot;customId&quot;:&quot;opportunity_new&quot;,&quot;label&quot;:&quot;New Opportunity&quot;,&quot;formId&quot;:&quot;crm_opportunity&quot;,&quot;showInPopupDialog&quot;:&quot;&quot;,&quot;readonly&quot;:&quot;&quot;,&quot;messageShowAfterComplete&quot;:&quot;OK&quot;,&quot;redirectUrlAfterComplete&quot;:&quot;opportunity_list&quot;,&quot;redirectUrlOnCancel&quot;:&quot;opportunity_list&quot;,&quot;fieldPassover&quot;:&quot;&quot;,&quot;fieldPassoverMethod&quot;:&quot;append&quot;,&quot;paramName&quot;:&quot;&quot;,&quot;submitButtonLabel&quot;:&quot;&quot;,&quot;cancelButtonLabel&quot;:&quot;&quot;,&quot;customHeader&quot;:&quot;&quot;,&quot;customFooter&quot;:&quot;&quot;,&quot;keyName&quot;:&quot;&quot;,&quot;loadDataWithKey&quot;:&quot;&quot;}}],&quot;permission&quot;:{&quot;className&quot;:&quot;org.joget.apps.userview.model.UserviewPermission&quot;,&quot;properties&quot;:{}}},{&quot;className&quot;:&quot;org.joget.apps.userview.model.UserviewCategory&quot;,&quot;properties&quot;:{&quot;id&quot;:&quot;category-78EC0B8A1E8E483A93770714BB0D6F6E&quot;,&quot;label&quot;:&quot;Proposal Process&quot;},&quot;menus&quot;:[{&quot;className&quot;:&quot;org.joget.apps.userview.lib.InboxMenu&quot;,&quot;properties&quot;:{&quot;id&quot;:&quot;AA1445B29D904408B3F2B1B36E469E16&quot;,&quot;customId&quot;:&quot;workflow_inbox&quot;,&quot;label&quot;:&quot;Task Inbox&quot;,&quot;appFilter&quot;:&quot;all&quot;,&quot;processId&quot;:&quot;&quot;,&quot;rowCount&quot;:&quot;true&quot;,&quot;buttonPosition&quot;:&quot;bottomLeft&quot;,&quot;list-customHeader&quot;:&quot;&quot;,&quot;list-customFooter&quot;:&quot;&quot;,&quot;assignment-customHeader&quot;:&quot;&quot;,&quot;assignment-customFooter&quot;:&quot;&quot;}},{&quot;className&quot;:&quot;org.joget.apps.userview.lib.RunProcess&quot;,&quot;properties&quot;:{&quot;id&quot;:&quot;2D27B3875F234315A7A3562BD0E35AB2&quot;,&quot;customId&quot;:&quot;proposal_process&quot;,&quot;label&quot;:&quot;New Proposal Approval&quot;,&quot;processDefId&quot;:&quot;process1&quot;,&quot;runProcessDirectly&quot;:&quot;Yes&quot;,&quot;showInPopupDialog&quot;:&quot;&quot;,&quot;messageShowAfterComplete&quot;:&quot;&quot;,&quot;redirectUrlAfterComplete&quot;:&quot;&quot;,&quot;keyName&quot;:&quot;&quot;}}]}],&quot;setting&quot;:{&quot;className&quot;:&quot;org.joget.apps.userview.model.UserviewSetting&quot;,&quot;properties&quot;:{&quot;theme&quot;:{&quot;className&quot;:&quot;org.joget.apps.userview.lib.DefaultTheme&quot;,&quot;properties&quot;:{&quot;css&quot;:&quot;&quot;,&quot;js&quot;:&quot;&quot;,&quot;customHeader&quot;:&quot;&quot;,&quot;customFooter&quot;:&quot;&quot;,&quot;pageTop&quot;:&quot;&quot;,&quot;pageBottom&quot;:&quot;&quot;,&quot;beforeContent&quot;:&quot;&quot;}},&quot;permission&quot;:{&quot;className&quot;:&quot;&quot;,&quot;properties&quot;:{}}}}}</json>
         <dateCreated class="java.sql.Timestamp">2015-05-19 23:15:20.0 GMT</dateCreated>
         <dateModified class="java.sql.Timestamp">2015-05-19 23:15:20.0 GMT</dateModified>
      </userviewDefinition>
   </userviewDefinitionList>
   <datalistDefinitionList>
      <datalistDefinition>
         <id>crm_account_list</id>
         <appId>crm</appId>
         <appVersion>1</appVersion>
         <name>Account Listing</name>
         <json>{&quot;id&quot;:&quot;crm_account_list&quot;,&quot;name&quot;:&quot;Account Listing&quot;,&quot;pageSize&quot;:10,&quot;order&quot;:&quot;&quot;,&quot;orderBy&quot;:&quot;&quot;,&quot;showPageSizeSelector&quot;:&quot;true&quot;,&quot;pageSizeSelectorOptions&quot;:&quot;10,20,30,40,50,100&quot;,&quot;buttonPosition&quot;:&quot;bottomLeft&quot;,&quot;checkboxPosition&quot;:&quot;left&quot;,&quot;useSession&quot;:&quot;false&quot;,&quot;actions&quot;:[{&quot;id&quot;:&quot;action_0&quot;,&quot;className&quot;:&quot;org.joget.apps.datalist.lib.FormRowDeleteDataListAction&quot;,&quot;type&quot;:&quot;text&quot;,&quot;properties&quot;:{&quot;formDefId&quot;:&quot;crm_account&quot;},&quot;name&quot;:&quot;Form Row Delete&quot;,&quot;label&quot;:&quot;Delete Row&quot;}],&quot;rowActions&quot;:[{&quot;id&quot;:&quot;rowAction_0&quot;,&quot;className&quot;:&quot;org.joget.apps.datalist.lib.HyperlinkDataListAction&quot;,&quot;type&quot;:&quot;text&quot;,&quot;properties&quot;:{&quot;href&quot;:&quot;contact_list?d-6304176-fn=account&quot;,&quot;target&quot;:&quot;_self&quot;,&quot;hrefParam&quot;:&quot;d-6304176-fn_account&quot;,&quot;hrefColumn&quot;:&quot;id&quot;,&quot;label&quot;:&quot;Contacts&quot;,&quot;confirmation&quot;:&quot;&quot;,&quot;visible&quot;:&quot;&quot;,&quot;rules&quot;:[]},&quot;name&quot;:&quot;Data List Hyperlink&quot;,&quot;label&quot;:&quot;Hyperlink&quot;},{&quot;id&quot;:&quot;rowAction_1&quot;,&quot;className&quot;:&quot;org.joget.apps.datalist.lib.HyperlinkDataListAction&quot;,&quot;type&quot;:&quot;text&quot;,&quot;properties&quot;:{&quot;href&quot;:&quot;contact_new&quot;,&quot;target&quot;:&quot;_self&quot;,&quot;hrefParam&quot;:&quot;fk_account&quot;,&quot;hrefColumn&quot;:&quot;id&quot;,&quot;label&quot;:&quot;New Contact&quot;,&quot;confirmation&quot;:&quot;&quot;},&quot;name&quot;:&quot;Data List Hyperlink&quot;,&quot;label&quot;:&quot;Hyperlink&quot;}],&quot;filters&quot;:[{&quot;id&quot;:&quot;filter_0&quot;,&quot;label&quot;:&quot;Account Name&quot;,&quot;name&quot;:&quot;accountName&quot;}],&quot;binder&quot;:{&quot;name&quot;:&quot;&quot;,&quot;className&quot;:&quot;org.joget.apps.datalist.lib.FormRowDataListBinder&quot;,&quot;properties&quot;:{&quot;formDefId&quot;:&quot;crm_account&quot;}},&quot;columns&quot;:[{&quot;id&quot;:&quot;column_0&quot;,&quot;name&quot;:&quot;id&quot;,&quot;label&quot;:&quot;ID&quot;,&quot;sortable&quot;:&quot;true&quot;,&quot;action&quot;:{&quot;className&quot;:&quot;org.joget.apps.datalist.lib.HyperlinkDataListAction&quot;,&quot;properties&quot;:{&quot;href&quot;:&quot;account_new&quot;,&quot;target&quot;:&quot;_self&quot;,&quot;hrefParam&quot;:&quot;id&quot;,&quot;hrefColumn&quot;:&quot;id&quot;,&quot;label&quot;:&quot;ID&quot;,&quot;confirmation&quot;:&quot;&quot;}},&quot;format&quot;:{&quot;className&quot;:&quot;&quot;,&quot;properties&quot;:{}}},{&quot;id&quot;:&quot;column_1&quot;,&quot;name&quot;:&quot;accountName&quot;,&quot;label&quot;:&quot;Account Name&quot;,&quot;sortable&quot;:&quot;true&quot;,&quot;filterable&quot;:&quot;true&quot;,&quot;action&quot;:&quot;&quot;,&quot;formats&quot;:&quot;;&quot;},{&quot;id&quot;:&quot;column_5&quot;,&quot;name&quot;:&quot;country&quot;,&quot;label&quot;:&quot;Country&quot;,&quot;sortable&quot;:&quot;true&quot;,&quot;filterable&quot;:&quot;true&quot;,&quot;action&quot;:&quot;&quot;,&quot;formats&quot;:&quot;;&quot;},{&quot;id&quot;:&quot;column_4&quot;,&quot;name&quot;:&quot;state&quot;,&quot;label&quot;:&quot;State&quot;,&quot;sortable&quot;:&quot;true&quot;,&quot;filterable&quot;:&quot;true&quot;,&quot;action&quot;:&quot;&quot;,&quot;formats&quot;:&quot;;&quot;}]}</json>
         <dateCreated class="java.sql.Timestamp">2015-05-19 23:15:20.0 GMT</dateCreated>
         <dateModified class="java.sql.Timestamp">2015-05-19 23:15:20.0 GMT</dateModified>
      </datalistDefinition>
      <datalistDefinition>
         <id>crm_contact_list</id>
         <appId>crm</appId>
         <appVersion>1</appVersion>
         <name>Contact List</name>
         <json>{&quot;id&quot;:&quot;crm_contact_list&quot;,&quot;name&quot;:&quot;Contact List&quot;,&quot;pageSize&quot;:10,&quot;order&quot;:&quot;&quot;,&quot;orderBy&quot;:&quot;&quot;,&quot;showPageSizeSelector&quot;:&quot;true&quot;,&quot;pageSizeSelectorOptions&quot;:&quot;10,20,30,40,50,100&quot;,&quot;buttonPosition&quot;:&quot;bottomLeft&quot;,&quot;checkboxPosition&quot;:&quot;left&quot;,&quot;useSession&quot;:&quot;false&quot;,&quot;actions&quot;:[{&quot;id&quot;:&quot;action_0&quot;,&quot;className&quot;:&quot;org.joget.apps.datalist.lib.FormRowDeleteDataListAction&quot;,&quot;type&quot;:&quot;text&quot;,&quot;properties&quot;:{&quot;formDefId&quot;:&quot;crm_contact&quot;},&quot;name&quot;:&quot;Form Row Delete&quot;,&quot;label&quot;:&quot;Delete Row&quot;}],&quot;rowActions&quot;:[{&quot;id&quot;:&quot;rowAction_0&quot;,&quot;className&quot;:&quot;org.joget.apps.datalist.lib.HyperlinkDataListAction&quot;,&quot;type&quot;:&quot;text&quot;,&quot;properties&quot;:{&quot;href&quot;:&quot;contact_new&quot;,&quot;target&quot;:&quot;_self&quot;,&quot;hrefParam&quot;:&quot;id&quot;,&quot;hrefColumn&quot;:&quot;id&quot;,&quot;label&quot;:&quot;Edit&quot;,&quot;confirmation&quot;:&quot;&quot;},&quot;name&quot;:&quot;Data List Hyperlink&quot;,&quot;label&quot;:&quot;Hyperlink&quot;}],&quot;filters&quot;:[{&quot;id&quot;:&quot;filter_2&quot;,&quot;label&quot;:&quot;Account&quot;,&quot;name&quot;:&quot;account&quot;},{&quot;id&quot;:&quot;filter_0&quot;,&quot;name&quot;:&quot;fullName&quot;,&quot;label&quot;:&quot;Full Name&quot;}],&quot;binder&quot;:{&quot;name&quot;:&quot;&quot;,&quot;className&quot;:&quot;org.joget.apps.datalist.lib.FormRowDataListBinder&quot;,&quot;properties&quot;:{&quot;formDefId&quot;:&quot;crm_contact&quot;}},&quot;columns&quot;:[{&quot;id&quot;:&quot;column_2&quot;,&quot;name&quot;:&quot;account&quot;,&quot;label&quot;:&quot;Account&quot;,&quot;sortable&quot;:&quot;true&quot;,&quot;hidden&quot;:&quot;false&quot;,&quot;width&quot;:&quot;&quot;,&quot;style&quot;:&quot;&quot;,&quot;action&quot;:{&quot;className&quot;:&quot;org.joget.apps.datalist.lib.HyperlinkDataListAction&quot;,&quot;properties&quot;:{&quot;href&quot;:&quot;account_new&quot;,&quot;target&quot;:&quot;_self&quot;,&quot;hrefParam&quot;:&quot;id&quot;,&quot;hrefColumn&quot;:&quot;account&quot;,&quot;label&quot;:&quot;Account&quot;,&quot;confirmation&quot;:&quot;&quot;,&quot;visible&quot;:&quot;&quot;}},&quot;format&quot;:{&quot;className&quot;:&quot;org.joget.apps.datalist.lib.DefaultFormatter&quot;,&quot;properties&quot;:{&quot;formatting&quot;:&quot;&quot;,&quot;size&quot;:&quot;&quot;,&quot;color&quot;:&quot;&quot;,&quot;formDefId&quot;:&quot;crm_account&quot;,&quot;field&quot;:&quot;accountName&quot;}}},{&quot;id&quot;:&quot;column_0&quot;,&quot;name&quot;:&quot;fullName&quot;,&quot;label&quot;:&quot;Full Name&quot;,&quot;sortable&quot;:&quot;true&quot;,&quot;action&quot;:{&quot;className&quot;:&quot;org.joget.apps.datalist.lib.HyperlinkDataListAction&quot;,&quot;properties&quot;:{&quot;href&quot;:&quot;contact_new&quot;,&quot;target&quot;:&quot;_self&quot;,&quot;hrefParam&quot;:&quot;id&quot;,&quot;hrefColumn&quot;:&quot;id&quot;,&quot;label&quot;:&quot;Full Name&quot;,&quot;confirmation&quot;:&quot;&quot;}},&quot;format&quot;:{&quot;className&quot;:&quot;&quot;,&quot;properties&quot;:{}}},{&quot;id&quot;:&quot;column_4&quot;,&quot;name&quot;:&quot;lastName&quot;,&quot;label&quot;:&quot;Last Name&quot;,&quot;sortable&quot;:&quot;true&quot;,&quot;filterable&quot;:&quot;true&quot;,&quot;action&quot;:&quot;&quot;,&quot;formats&quot;:&quot;;&quot;}]}</json>
         <dateCreated class="java.sql.Timestamp">2015-05-19 23:15:20.0 GMT</dateCreated>
         <dateModified class="java.sql.Timestamp">2015-05-20 07:23:14.0 GMT</dateModified>
      </datalistDefinition>
      <datalistDefinition>
         <id>crm_inbox</id>
         <appId>crm</appId>
         <appVersion>1</appVersion>
         <name>Task Inbox</name>
         <description>Task Inbox</description>
         <json>{&quot;id&quot;:&quot;crm_inbox&quot;,&quot;name&quot;:&quot;Task Inbox&quot;,&quot;pageSize&quot;:10,&quot;order&quot;:&quot;&quot;,&quot;orderBy&quot;:&quot;&quot;,&quot;actions&quot;:[],&quot;rowActions&quot;:[],&quot;filters&quot;:[],&quot;binder&quot;:{&quot;name&quot;:&quot;&quot;,&quot;className&quot;:&quot;org.joget.apps.datalist.lib.WorkflowInboxDataListBinder&quot;,&quot;properties&quot;:{&quot;appFilter&quot;:&quot;app&quot;,&quot;processId&quot;:&quot;&quot;}},&quot;columns&quot;:[{&quot;id&quot;:&quot;column_0&quot;,&quot;name&quot;:&quot;processName&quot;,&quot;label&quot;:&quot;Process Name&quot;,&quot;sortable&quot;:&quot;true&quot;,&quot;filterable&quot;:&quot;true&quot;,&quot;action&quot;:&quot;&quot;,&quot;formats&quot;:&quot;&quot;},{&quot;id&quot;:&quot;column_1&quot;,&quot;name&quot;:&quot;activityName&quot;,&quot;label&quot;:&quot;Activity Name&quot;,&quot;sortable&quot;:&quot;true&quot;,&quot;action&quot;:{&quot;className&quot;:&quot;org.joget.apps.datalist.lib.HyperlinkDataListAction&quot;,&quot;properties&quot;:{&quot;href&quot;:&quot;workflow_form&quot;,&quot;target&quot;:&quot;_self&quot;,&quot;hrefParam&quot;:&quot;activityId&quot;,&quot;hrefColumn&quot;:&quot;activityId&quot;,&quot;label&quot;:&quot;Activity Name&quot;,&quot;confirmation&quot;:&quot;&quot;}},&quot;format&quot;:{&quot;className&quot;:&quot;&quot;,&quot;properties&quot;:{}}},{&quot;id&quot;:&quot;column_2&quot;,&quot;name&quot;:&quot;dateCreated&quot;,&quot;label&quot;:&quot;Date Created&quot;,&quot;sortable&quot;:&quot;true&quot;,&quot;filterable&quot;:&quot;true&quot;,&quot;action&quot;:&quot;&quot;,&quot;formats&quot;:&quot;&quot;}]}</json>
         <dateCreated class="java.sql.Timestamp">2015-05-19 23:15:20.0 GMT</dateCreated>
         <dateModified class="java.sql.Timestamp">2015-05-19 23:15:20.0 GMT</dateModified>
      </datalistDefinition>
      <datalistDefinition>
         <id>crm_opportunity_list</id>
         <appId>crm</appId>
         <appVersion>1</appVersion>
         <name>Opportunity List</name>
         <json>{&quot;id&quot;:&quot;crm_opportunity_list&quot;,&quot;name&quot;:&quot;Opportunity List&quot;,&quot;pageSize&quot;:&quot;10&quot;,&quot;order&quot;:&quot;1&quot;,&quot;orderBy&quot;:&quot;dateModified&quot;,&quot;showPageSizeSelector&quot;:&quot;true&quot;,&quot;pageSizeSelectorOptions&quot;:&quot;10,20,30,40,50,100&quot;,&quot;buttonPosition&quot;:&quot;bottomLeft&quot;,&quot;checkboxPosition&quot;:&quot;left&quot;,&quot;useSession&quot;:&quot;false&quot;,&quot;actions&quot;:[{&quot;id&quot;:&quot;action_0&quot;,&quot;className&quot;:&quot;org.joget.apps.datalist.lib.FormRowDeleteDataListAction&quot;,&quot;type&quot;:&quot;text&quot;,&quot;properties&quot;:{&quot;formDefId&quot;:&quot;crm_opportunity&quot;},&quot;name&quot;:&quot;Form Row Delete&quot;,&quot;label&quot;:&quot;Delete Row&quot;}],&quot;rowActions&quot;:[],&quot;filters&quot;:[{&quot;id&quot;:&quot;filter_1&quot;,&quot;label&quot;:&quot;Account&quot;,&quot;name&quot;:&quot;account&quot;},{&quot;id&quot;:&quot;filter_0&quot;,&quot;label&quot;:&quot;Title&quot;,&quot;name&quot;:&quot;title&quot;}],&quot;binder&quot;:{&quot;name&quot;:&quot;&quot;,&quot;className&quot;:&quot;org.joget.apps.datalist.lib.FormRowDataListBinder&quot;,&quot;properties&quot;:{&quot;formDefId&quot;:&quot;crm_opportunity&quot;}},&quot;columns&quot;:[{&quot;id&quot;:&quot;column_0&quot;,&quot;name&quot;:&quot;title&quot;,&quot;label&quot;:&quot;Title&quot;,&quot;sortable&quot;:&quot;true&quot;,&quot;action&quot;:{&quot;className&quot;:&quot;org.joget.apps.datalist.lib.HyperlinkDataListAction&quot;,&quot;properties&quot;:{&quot;href&quot;:&quot;opportunity_new&quot;,&quot;target&quot;:&quot;_self&quot;,&quot;hrefParam&quot;:&quot;id&quot;,&quot;hrefColumn&quot;:&quot;id&quot;,&quot;label&quot;:&quot;Title&quot;,&quot;confirmation&quot;:&quot;&quot;}},&quot;format&quot;:{&quot;className&quot;:&quot;&quot;,&quot;properties&quot;:{}}},{&quot;id&quot;:&quot;column_4&quot;,&quot;name&quot;:&quot;account&quot;,&quot;label&quot;:&quot;Account&quot;,&quot;sortable&quot;:&quot;true&quot;,&quot;hidden&quot;:&quot;false&quot;,&quot;width&quot;:&quot;&quot;,&quot;style&quot;:&quot;&quot;,&quot;action&quot;:{&quot;className&quot;:&quot;org.joget.apps.datalist.lib.HyperlinkDataListAction&quot;,&quot;properties&quot;:{&quot;href&quot;:&quot;account_new&quot;,&quot;target&quot;:&quot;_self&quot;,&quot;hrefParam&quot;:&quot;id&quot;,&quot;hrefColumn&quot;:&quot;account&quot;,&quot;label&quot;:&quot;Account&quot;,&quot;confirmation&quot;:&quot;&quot;,&quot;visible&quot;:&quot;&quot;}},&quot;format&quot;:{&quot;className&quot;:&quot;org.joget.apps.datalist.lib.DefaultFormatter&quot;,&quot;properties&quot;:{&quot;formatting&quot;:&quot;&quot;,&quot;size&quot;:&quot;&quot;,&quot;color&quot;:&quot;&quot;,&quot;formDefId&quot;:&quot;crm_account&quot;,&quot;field&quot;:&quot;accountName&quot;}}},{&quot;id&quot;:&quot;column_2&quot;,&quot;name&quot;:&quot;amount&quot;,&quot;label&quot;:&quot;Amount&quot;,&quot;sortable&quot;:&quot;true&quot;,&quot;filterable&quot;:&quot;true&quot;,&quot;action&quot;:&quot;&quot;,&quot;formats&quot;:&quot;;&quot;},{&quot;id&quot;:&quot;column_3&quot;,&quot;name&quot;:&quot;stage&quot;,&quot;label&quot;:&quot;Stage&quot;,&quot;sortable&quot;:&quot;true&quot;,&quot;filterable&quot;:&quot;true&quot;,&quot;action&quot;:&quot;&quot;,&quot;formats&quot;:&quot;;&quot;},{&quot;id&quot;:&quot;column_1&quot;,&quot;name&quot;:&quot;dateModified&quot;,&quot;label&quot;:&quot;Date Modified&quot;,&quot;sortable&quot;:&quot;true&quot;,&quot;filterable&quot;:&quot;true&quot;,&quot;action&quot;:&quot;&quot;,&quot;formats&quot;:&quot;;&quot;}]}</json>
         <dateCreated class="java.sql.Timestamp">2015-05-19 23:15:20.0 GMT</dateCreated>
         <dateModified class="java.sql.Timestamp">2015-05-20 07:24:09.0 GMT</dateModified>
      </datalistDefinition>
   </datalistDefinitionList>
   <pluginDefaultPropertiesList/>
   <environmentVariableList>
      <environmentVariable>
         <id>refNo</id>
         <appId>crm</appId>
         <appVersion>1</appVersion>
         <value>18</value>
         <remarks>Used for plugin: IdGeneratorField</remarks>
      </environmentVariable>
   </environmentVariableList>
   <messageList/>   <license>Vfe6Df5AdlrGEPqFYgTt8XuGJ4XiTt2NnBLEovw3qoQ=</license>
</appDefinition>