<appDefinition>
   <id>crm</id>
   <version>1</version>
   <name>Customer Relationship Management</name>
   <dateCreated class="java.sql.Timestamp">2017-03-07 17:02:16.0 GMT</dateCreated>
   <dateModified class="java.sql.Timestamp">2017-07-12 05:38:04.0 GMT</dateModified>
   <packageDefinitionList>
      <packageDefinition>
         <appId>crm</appId>
         <id>crm</id>
         <version>7</version>
         <name>CRM</name>
         <dateCreated class="java.sql.Timestamp">2017-03-08 01:02:19.0 GMT</dateCreated>
         <dateModified class="java.sql.Timestamp">2017-07-12 05:35:59.0 GMT</dateModified>
         <packageActivityFormMap>
            <entry>
               <string>process1::runProcess</string>
               <packageActivityForm>
                  <processDefId>process1</processDefId>
                  <activityDefId>runProcess</activityDefId>
                  <formId>crm_proposal_form</formId>
                  <type>SINGLE</type>
                  <autoContinue>false</autoContinue>
                  <!--disableSaveAsDraft>false</disableSaveAsDraft-->
               </packageActivityForm>
            </entry>
            <entry>
               <string>process1::activity1</string>
               <packageActivityForm>
                  <processDefId>process1</processDefId>
                  <activityDefId>activity1</activityDefId>
                  <formId>crm_proposal_resubmit_form</formId>
                  <type>SINGLE</type>
                  <autoContinue>false</autoContinue>
                  <!--disableSaveAsDraft>true</disableSaveAsDraft-->
               </packageActivityForm>
            </entry>
            <entry>
               <string>process1::approve_proposal</string>
               <packageActivityForm>
                  <processDefId>process1</processDefId>
                  <activityDefId>approve_proposal</activityDefId>
                  <formId>crm_proposal_approval_form</formId>
                  <type>SINGLE</type>
                  <autoContinue>false</autoContinue>
                  <!--disableSaveAsDraft>true</disableSaveAsDraft-->
               </packageActivityForm>
            </entry>
            <entry>
               <string>process1::send_proposal</string>
               <packageActivityForm>
                  <processDefId>process1</processDefId>
                  <activityDefId>send_proposal</activityDefId>
                  <formId>crm_proposal_sending_form</formId>
                  <type>SINGLE</type>
                  <autoContinue>false</autoContinue>
                  <!--disableSaveAsDraft>true</disableSaveAsDraft-->
               </packageActivityForm>
            </entry>
         </packageActivityFormMap>
         <packageActivityPluginMap>
            <entry>
               <string>process1::tool4</string>
               <packageActivityPlugin>
                  <processDefId>process1</processDefId>
                  <activityDefId>tool4</activityDefId>
                  <pluginName>org.joget.apps.app.lib.EmailTool</pluginName>
                  <pluginProperties>{&quot;toSpecific&quot;:&quot;&quot;,&quot;toParticipantId&quot;:&quot;approver&quot;,&quot;cc&quot;:&quot;&quot;,&quot;bcc&quot;:&quot;&quot;,&quot;subject&quot;:&quot;Proposal For Approval: #form.crm_proposal.title#&quot;,&quot;message&quot;:&quot;Requester has requested you to approve the proposal.\n\nRef No: #form.crm_proposal.refNo#\nTitle: #form.crm_proposal.title#&quot;,&quot;isHtml&quot;:&quot;&quot;,&quot;from&quot;:&quot;&quot;,&quot;host&quot;:&quot;&quot;,&quot;port&quot;:&quot;&quot;,&quot;security&quot;:&quot;&quot;,&quot;username&quot;:&quot;&quot;,&quot;password&quot;:&quot;&quot;,&quot;formDefId&quot;:&quot;&quot;,&quot;fields&quot;:[],&quot;files&quot;:[]}</pluginProperties>
               </packageActivityPlugin>
            </entry>
            <entry>
               <string>process1::tool2</string>
               <packageActivityPlugin>
                  <processDefId>process1</processDefId>
                  <activityDefId>tool2</activityDefId>
                  <pluginName>org.joget.apps.app.lib.EmailTool</pluginName>
                  <pluginProperties>{&quot;toSpecific&quot;:&quot;#performer.runProcess.email#&quot;,&quot;toParticipantId&quot;:&quot;&quot;,&quot;cc&quot;:&quot;&quot;,&quot;bcc&quot;:&quot;&quot;,&quot;subject&quot;:&quot;Proposal Rejected: #form.crm_proposal.title#&quot;,&quot;message&quot;:&quot;Proposal Rejected\n\nRef No: #form.crm_proposal.refNo#\nTitle: #form.crm_proposal.title#&quot;,&quot;isHtml&quot;:&quot;&quot;,&quot;from&quot;:&quot;&quot;,&quot;host&quot;:&quot;&quot;,&quot;port&quot;:&quot;&quot;,&quot;security&quot;:&quot;&quot;,&quot;username&quot;:&quot;&quot;,&quot;password&quot;:&quot;&quot;,&quot;formDefId&quot;:&quot;&quot;,&quot;fields&quot;:[],&quot;files&quot;:[]}</pluginProperties>
               </packageActivityPlugin>
            </entry>
            <entry>
               <string>process1::tool3</string>
               <packageActivityPlugin>
                  <processDefId>process1</processDefId>
                  <activityDefId>tool3</activityDefId>
                  <pluginName>org.joget.apps.app.lib.EmailTool</pluginName>
                  <pluginProperties>{&quot;toSpecific&quot;:&quot;#performer.runProcess.email#&quot;,&quot;toParticipantId&quot;:&quot;&quot;,&quot;cc&quot;:&quot;&quot;,&quot;bcc&quot;:&quot;&quot;,&quot;subject&quot;:&quot;Resubmit Proposal: #form.crm_proposal.title#&quot;,&quot;message&quot;:&quot;Approver has requested you to resubmit your proposal.\n\nRef No: #form.crm_proposal.refNo#\nTitle: #form.crm_proposal.title#&quot;,&quot;isHtml&quot;:&quot;&quot;,&quot;from&quot;:&quot;&quot;,&quot;host&quot;:&quot;&quot;,&quot;port&quot;:&quot;&quot;,&quot;security&quot;:&quot;&quot;,&quot;username&quot;:&quot;&quot;,&quot;password&quot;:&quot;&quot;,&quot;formDefId&quot;:&quot;&quot;,&quot;fields&quot;:[],&quot;files&quot;:[]}</pluginProperties>
               </packageActivityPlugin>
            </entry>
            <entry>
               <string>process1::tool1</string>
               <packageActivityPlugin>
                  <processDefId>process1</processDefId>
                  <activityDefId>tool1</activityDefId>
                  <pluginName>org.joget.apps.app.lib.EmailTool</pluginName>
                  <pluginProperties>{&quot;toSpecific&quot;:&quot;#performer.runProcess.email#&quot;,&quot;toParticipantId&quot;:&quot;&quot;,&quot;cc&quot;:&quot;&quot;,&quot;bcc&quot;:&quot;&quot;,&quot;subject&quot;:&quot;Proposal Approved: #form.crm_proposal.title#&quot;,&quot;message&quot;:&quot;Proposal Approved\n\nRef No: #form.crm_proposal.refNo#\nTitle: #form.crm_proposal.title#&quot;,&quot;isHtml&quot;:&quot;&quot;,&quot;from&quot;:&quot;&quot;,&quot;host&quot;:&quot;&quot;,&quot;port&quot;:&quot;&quot;,&quot;security&quot;:&quot;&quot;,&quot;username&quot;:&quot;&quot;,&quot;password&quot;:&quot;&quot;,&quot;formDefId&quot;:&quot;&quot;,&quot;fields&quot;:[],&quot;files&quot;:[]}</pluginProperties>
               </packageActivityPlugin>
            </entry>
         </packageActivityPluginMap>
         <packageParticipantMap>
            <entry>
               <string>process1::processStartWhiteList</string>
               <packageParticipant>
                  <processDefId>process1</processDefId>
                  <participantId>processStartWhiteList</participantId>
                  <type>role</type>
                  <value>loggedInUser</value>
               </packageParticipant>
            </entry>
            <entry>
               <string>process1::requester</string>
               <packageParticipant>
                  <processDefId>process1</processDefId>
                  <participantId>requester</participantId>
                  <type>requester</type>
                  <value>runProcess</value>
               </packageParticipant>
            </entry>
            <entry>
               <string>process1::approver</string>
               <packageParticipant>
                  <processDefId>process1</processDefId>
                  <participantId>approver</participantId>
                  <type>user</type>
                  <value>admin</value>
               </packageParticipant>
            </entry>
         </packageParticipantMap>
      </packageDefinition>
   </packageDefinitionList>
  <formDefinitionList>
      <formDefinition>
         <id>crm_account</id>
         <appId>crm</appId>
         <appVersion>1</appVersion>
         <name>Account Form</name>
         <tableName>crm_account</tableName>
         <json>{
    &quot;className&quot;: &quot;org.joget.apps.form.model.Form&quot;,
    &quot;properties&quot;: {
        &quot;id&quot;: &quot;crm_account&quot;,
        &quot;loadBinder&quot;: {
            &quot;className&quot;: &quot;org.joget.apps.form.lib.WorkflowFormBinder&quot;,
            &quot;properties&quot;: {}
        },
        &quot;tableName&quot;: &quot;crm_account&quot;,
        &quot;description&quot;: &quot;&quot;,
        &quot;name&quot;: &quot;Account Form&quot;,
        &quot;storeBinder&quot;: {
            &quot;className&quot;: &quot;org.joget.apps.form.lib.WorkflowFormBinder&quot;,
            &quot;properties&quot;: {}
        }
    },
    &quot;elements&quot;: [
        {
            &quot;elements&quot;: [
                {
                    &quot;elements&quot;: [
                        {
                            &quot;className&quot;: &quot;org.joget.apps.form.lib.TextField&quot;,
                            &quot;properties&quot;: {
                                &quot;id&quot;: &quot;id&quot;,
                                &quot;label&quot;: &quot;Account ID&quot;,
                                &quot;size&quot;: &quot;&quot;,
                                &quot;readonly&quot;: &quot;&quot;,
                                &quot;validator&quot;: {
                                    &quot;className&quot;: &quot;org.joget.apps.form.lib.DefaultValidator&quot;,
                                    &quot;properties&quot;: {
                                        &quot;mandatory&quot;: &quot;true&quot;,
                                        &quot;type&quot;: &quot;&quot;
                                    }
                                },
                                &quot;workflowVariable&quot;: &quot;&quot;
                            }
                        },
                        {
                            &quot;className&quot;: &quot;org.joget.apps.form.lib.TextField&quot;,
                            &quot;properties&quot;: {
                                &quot;id&quot;: &quot;accountName&quot;,
                                &quot;label&quot;: &quot;Account Name&quot;,
                                &quot;size&quot;: &quot;&quot;,
                                &quot;readonly&quot;: &quot;&quot;,
                                &quot;validator&quot;: {
                                    &quot;className&quot;: &quot;org.joget.apps.form.lib.DefaultValidator&quot;,
                                    &quot;properties&quot;: {
                                        &quot;mandatory&quot;: &quot;true&quot;,
                                        &quot;type&quot;: &quot;&quot;
                                    }
                                },
                                &quot;workflowVariable&quot;: &quot;&quot;
                            }
                        }
                    ],
                    &quot;className&quot;: &quot;org.joget.apps.form.model.Column&quot;,
                    &quot;properties&quot;: {
                        &quot;width&quot;: &quot;99%&quot;
                    }
                }
            ],
            &quot;className&quot;: &quot;org.joget.apps.form.model.Section&quot;,
            &quot;properties&quot;: {
                &quot;id&quot;: &quot;account_details&quot;,
                &quot;loadBinder&quot;: {
                    &quot;className&quot;: &quot;&quot;,
                    &quot;properties&quot;: {}
                },
                &quot;visibilityControl&quot;: &quot;&quot;,
                &quot;visibilityValue&quot;: &quot;&quot;,
                &quot;storeBinder&quot;: {
                    &quot;className&quot;: &quot;&quot;,
                    &quot;properties&quot;: {}
                },
                &quot;label&quot;: &quot;Account Details&quot;
            }
        },
        {
            &quot;elements&quot;: [
                {
                    &quot;elements&quot;: [
                        {
                            &quot;className&quot;: &quot;org.joget.apps.form.lib.TextArea&quot;,
                            &quot;properties&quot;: {
                                &quot;id&quot;: &quot;address&quot;,
                                &quot;cols&quot;: &quot;20&quot;,
                                &quot;validator&quot;: {
                                    &quot;className&quot;: &quot;&quot;,
                                    &quot;properties&quot;: {}
                                },
                                &quot;label&quot;: &quot;Address&quot;,
                                &quot;readonly&quot;: &quot;&quot;,
                                &quot;rows&quot;: &quot;5&quot;
                            }
                        }
                    ],
                    &quot;className&quot;: &quot;org.joget.apps.form.model.Column&quot;,
                    &quot;properties&quot;: {
                        &quot;width&quot;: &quot;49%&quot;
                    }
                },
                {
                    &quot;elements&quot;: [
                        {
                            &quot;className&quot;: &quot;org.joget.apps.form.lib.TextField&quot;,
                            &quot;properties&quot;: {
                                &quot;id&quot;: &quot;city&quot;,
                                &quot;workflowVariable&quot;: &quot;&quot;,
                                &quot;validator&quot;: {
                                    &quot;className&quot;: &quot;&quot;,
                                    &quot;properties&quot;: {}
                                },
                                &quot;label&quot;: &quot;City&quot;,
                                &quot;readonly&quot;: &quot;&quot;,
                                &quot;size&quot;: &quot;&quot;
                            }
                        },
                        {
                            &quot;className&quot;: &quot;org.joget.apps.form.lib.TextField&quot;,
                            &quot;properties&quot;: {
                                &quot;id&quot;: &quot;state&quot;,
                                &quot;workflowVariable&quot;: &quot;&quot;,
                                &quot;validator&quot;: {
                                    &quot;className&quot;: &quot;&quot;,
                                    &quot;properties&quot;: {}
                                },
                                &quot;label&quot;: &quot;State&quot;,
                                &quot;readonly&quot;: &quot;&quot;,
                                &quot;size&quot;: &quot;&quot;
                            }
                        },
                        {
                            &quot;className&quot;: &quot;org.joget.apps.form.lib.SelectBox&quot;,
                            &quot;properties&quot;: {
                                &quot;id&quot;: &quot;country&quot;,
                                &quot;workflowVariable&quot;: &quot;&quot;,
                                &quot;optionsBinder&quot;: {
                                    &quot;className&quot;: &quot;&quot;,
                                    &quot;properties&quot;: {}
                                },
                                &quot;validator&quot;: {
                                    &quot;className&quot;: &quot;&quot;,
                                    &quot;properties&quot;: {}
                                },
                                &quot;label&quot;: &quot;Country&quot;,
                                &quot;multiple&quot;: &quot;&quot;,
                                &quot;readonly&quot;: &quot;&quot;,
                                &quot;size&quot;: &quot;&quot;,
                                &quot;options&quot;: [
                                    {
                                        &quot;value&quot;: &quot;&quot;,
                                        &quot;label&quot;: &quot;&quot;
                                    },
                                    {
                                        &quot;value&quot;: &quot;local&quot;,
                                        &quot;label&quot;: &quot;Local&quot;
                                    },
                                    {
                                        &quot;value&quot;: &quot;international&quot;,
                                        &quot;label&quot;: &quot;International&quot;
                                    }
                                ]
                            }
                        }
                    ],
                    &quot;className&quot;: &quot;org.joget.apps.form.model.Column&quot;,
                    &quot;properties&quot;: {
                        &quot;width&quot;: &quot;49%&quot;
                    }
                }
            ],
            &quot;className&quot;: &quot;org.joget.apps.form.model.Section&quot;,
            &quot;properties&quot;: {
                &quot;id&quot;: &quot;address&quot;,
                &quot;loadBinder&quot;: {
                    &quot;className&quot;: &quot;&quot;,
                    &quot;properties&quot;: {}
                },
                &quot;visibilityControl&quot;: &quot;&quot;,
                &quot;visibilityValue&quot;: &quot;&quot;,
                &quot;storeBinder&quot;: {
                    &quot;className&quot;: &quot;&quot;,
                    &quot;properties&quot;: {}
                },
                &quot;label&quot;: &quot;Address Details&quot;
            }
        }
    ]
}</json>
         <dateCreated class="java.sql.Timestamp">2017-03-08 01:02:17.0 GMT</dateCreated>
         <dateModified class="java.sql.Timestamp">2017-03-08 01:02:17.0 GMT</dateModified>
      </formDefinition>
      <formDefinition>
         <id>crm_contact</id>
         <appId>crm</appId>
         <appVersion>1</appVersion>
         <name>Contact Form</name>
         <tableName>crm_contact</tableName>
         <json>{&quot;className&quot;:&quot;org.joget.apps.form.model.Form&quot;,&quot;properties&quot;:{&quot;id&quot;:&quot;crm_contact&quot;,&quot;loadBinder&quot;:{&quot;className&quot;:&quot;org.joget.apps.form.lib.WorkflowFormBinder&quot;},&quot;tableName&quot;:&quot;crm_contact&quot;,&quot;name&quot;:&quot;Contact Form&quot;,&quot;storeBinder&quot;:{&quot;className&quot;:&quot;org.joget.apps.form.lib.WorkflowFormBinder&quot;}},&quot;elements&quot;:[{&quot;elements&quot;:[{&quot;elements&quot;:[{&quot;className&quot;:&quot;org.joget.apps.form.lib.SelectBox&quot;,&quot;properties&quot;:{&quot;id&quot;:&quot;account&quot;,&quot;workflowVariable&quot;:&quot;&quot;,&quot;optionsBinder&quot;:{&quot;className&quot;:&quot;org.joget.apps.form.lib.FormOptionsBinder&quot;,&quot;properties&quot;:{&quot;formDefId&quot;:&quot;crm_account&quot;,&quot;extraCondition&quot;:&quot;&quot;,&quot;labelColumn&quot;:&quot;accountName&quot;}},&quot;validator&quot;:{&quot;className&quot;:&quot;&quot;,&quot;properties&quot;:{}},&quot;label&quot;:&quot;Account&quot;,&quot;multiple&quot;:&quot;&quot;,&quot;readonly&quot;:&quot;&quot;,&quot;size&quot;:&quot;&quot;,&quot;options&quot;:[]}},{&quot;className&quot;:&quot;org.joget.apps.form.lib.TextField&quot;,&quot;properties&quot;:{&quot;id&quot;:&quot;fullName&quot;,&quot;workflowVariable&quot;:&quot;&quot;,&quot;readonlyLabel&quot;:&quot;&quot;,&quot;maxlength&quot;:&quot;&quot;,&quot;encryption&quot;:&quot;&quot;,&quot;validator&quot;:{&quot;className&quot;:&quot;org.joget.apps.form.lib.DefaultValidator&quot;,&quot;properties&quot;:{&quot;message&quot;:&quot;&quot;,&quot;custom-regex&quot;:&quot;&quot;,&quot;mandatory&quot;:&quot;true&quot;,&quot;type&quot;:&quot;&quot;}},&quot;value&quot;:&quot;&quot;,&quot;label&quot;:&quot;First Name&quot;,&quot;readonly&quot;:&quot;&quot;,&quot;size&quot;:&quot;&quot;}},{&quot;className&quot;:&quot;org.joget.apps.form.lib.TextField&quot;,&quot;properties&quot;:{&quot;id&quot;:&quot;lastName&quot;,&quot;workflowVariable&quot;:&quot;&quot;,&quot;validator&quot;:{&quot;className&quot;:&quot;&quot;,&quot;properties&quot;:{}},&quot;label&quot;:&quot;Last Name&quot;,&quot;readonly&quot;:&quot;&quot;,&quot;size&quot;:&quot;&quot;}},{&quot;className&quot;:&quot;org.joget.apps.form.lib.SelectBox&quot;,&quot;properties&quot;:{&quot;id&quot;:&quot;addressAvailable&quot;,&quot;workflowVariable&quot;:&quot;&quot;,&quot;optionsBinder&quot;:{&quot;className&quot;:&quot;&quot;,&quot;properties&quot;:{}},&quot;validator&quot;:{&quot;className&quot;:&quot;&quot;,&quot;properties&quot;:{}},&quot;label&quot;:&quot;Address Available&quot;,&quot;multiple&quot;:&quot;&quot;,&quot;readonly&quot;:&quot;&quot;,&quot;size&quot;:&quot;&quot;,&quot;options&quot;:[{&quot;value&quot;:&quot;no&quot;,&quot;label&quot;:&quot;No&quot;},{&quot;value&quot;:&quot;yes&quot;,&quot;label&quot;:&quot;Yes&quot;}]}},{&quot;className&quot;:&quot;org.joget.apps.form.lib.FileUpload&quot;,&quot;properties&quot;:{&quot;id&quot;:&quot;photo&quot;,&quot;label&quot;:&quot;Photo&quot;,&quot;readonly&quot;:&quot;&quot;,&quot;size&quot;:&quot;&quot;}}],&quot;className&quot;:&quot;org.joget.apps.form.model.Column&quot;,&quot;properties&quot;:{&quot;width&quot;:&quot;100%&quot;}}],&quot;className&quot;:&quot;org.joget.apps.form.model.Section&quot;,&quot;properties&quot;:{&quot;id&quot;:&quot;contact_details&quot;,&quot;loadBinder&quot;:{&quot;className&quot;:&quot;&quot;,&quot;properties&quot;:{}},&quot;visibilityControl&quot;:&quot;&quot;,&quot;visibilityValue&quot;:&quot;&quot;,&quot;storeBinder&quot;:{&quot;className&quot;:&quot;&quot;,&quot;properties&quot;:{}},&quot;label&quot;:&quot;Contact Details&quot;}},{&quot;elements&quot;:[{&quot;elements&quot;:[{&quot;className&quot;:&quot;org.joget.apps.form.lib.TextArea&quot;,&quot;properties&quot;:{&quot;id&quot;:&quot;address&quot;,&quot;cols&quot;:&quot;20&quot;,&quot;validator&quot;:{&quot;className&quot;:&quot;org.joget.apps.form.lib.DefaultValidator&quot;,&quot;properties&quot;:{}},&quot;label&quot;:&quot;Address&quot;,&quot;readonly&quot;:&quot;&quot;,&quot;rows&quot;:&quot;5&quot;}}],&quot;className&quot;:&quot;org.joget.apps.form.model.Column&quot;,&quot;properties&quot;:{&quot;width&quot;:&quot;49%&quot;}},{&quot;elements&quot;:[{&quot;className&quot;:&quot;org.joget.apps.form.lib.TextField&quot;,&quot;properties&quot;:{&quot;id&quot;:&quot;city&quot;,&quot;workflowVariable&quot;:&quot;&quot;,&quot;validator&quot;:{&quot;className&quot;:&quot;&quot;,&quot;properties&quot;:{}},&quot;label&quot;:&quot;City&quot;,&quot;readonly&quot;:&quot;&quot;,&quot;size&quot;:&quot;&quot;}},{&quot;className&quot;:&quot;org.joget.apps.form.lib.TextField&quot;,&quot;properties&quot;:{&quot;id&quot;:&quot;state&quot;,&quot;workflowVariable&quot;:&quot;&quot;,&quot;validator&quot;:{&quot;className&quot;:&quot;&quot;,&quot;properties&quot;:{}},&quot;label&quot;:&quot;State&quot;,&quot;readonly&quot;:&quot;&quot;,&quot;size&quot;:&quot;&quot;}}],&quot;className&quot;:&quot;org.joget.apps.form.model.Column&quot;,&quot;properties&quot;:{&quot;width&quot;:&quot;49%&quot;}}],&quot;className&quot;:&quot;org.joget.apps.form.model.Section&quot;,&quot;properties&quot;:{&quot;id&quot;:&quot;address_details&quot;,&quot;loadBinder&quot;:{&quot;className&quot;:&quot;&quot;,&quot;properties&quot;:{}},&quot;visibilityControl&quot;:&quot;addressAvailable&quot;,&quot;visibilityValue&quot;:&quot;yes&quot;,&quot;storeBinder&quot;:{&quot;className&quot;:&quot;&quot;,&quot;properties&quot;:{}},&quot;label&quot;:&quot;Address Details&quot;}}]}</json>
         <dateCreated class="java.sql.Timestamp">2017-03-08 01:02:17.0 GMT</dateCreated>
         <dateModified class="java.sql.Timestamp">2017-03-08 01:02:17.0 GMT</dateModified>
      </formDefinition>
      <formDefinition>
         <id>crm_opportunity</id>
         <appId>crm</appId>
         <appVersion>1</appVersion>
         <name>Opportunity Form</name>
         <tableName>crm_opportunity</tableName>
         <json>{&quot;className&quot;:&quot;org.joget.apps.form.model.Form&quot;,&quot;properties&quot;:{&quot;loadBinder&quot;:{&quot;className&quot;:&quot;org.joget.apps.form.lib.WorkflowFormBinder&quot;},&quot;name&quot;:&quot;Opportunity Form&quot;,&quot;id&quot;:&quot;crm_opportunity&quot;,&quot;storeBinder&quot;:{&quot;className&quot;:&quot;org.joget.apps.form.lib.WorkflowFormBinder&quot;},&quot;tableName&quot;:&quot;crm_opportunity&quot;},&quot;elements&quot;:[{&quot;elements&quot;:[{&quot;elements&quot;:[{&quot;className&quot;:&quot;org.joget.apps.form.lib.TextField&quot;,&quot;properties&quot;:{&quot;readonly&quot;:&quot;&quot;,&quot;size&quot;:&quot;&quot;,&quot;validator&quot;:{&quot;className&quot;:&quot;org.joget.apps.form.lib.DefaultValidator&quot;,&quot;properties&quot;:{&quot;type&quot;:&quot;&quot;,&quot;mandatory&quot;:&quot;true&quot;}},&quot;workflowVariable&quot;:&quot;&quot;,&quot;id&quot;:&quot;title&quot;,&quot;label&quot;:&quot;Title&quot;}},{&quot;className&quot;:&quot;org.joget.apps.form.lib.TextArea&quot;,&quot;properties&quot;:{&quot;readonly&quot;:&quot;&quot;,&quot;validator&quot;:{&quot;className&quot;:&quot;&quot;,&quot;properties&quot;:{}},&quot;id&quot;:&quot;description&quot;,&quot;label&quot;:&quot;Description&quot;,&quot;rows&quot;:&quot;5&quot;,&quot;cols&quot;:&quot;15&quot;}}],&quot;className&quot;:&quot;org.joget.apps.form.model.Column&quot;,&quot;properties&quot;:{&quot;width&quot;:&quot;49%&quot;}},{&quot;elements&quot;:[{&quot;className&quot;:&quot;org.joget.apps.form.lib.TextField&quot;,&quot;properties&quot;:{&quot;readonly&quot;:&quot;&quot;,&quot;size&quot;:&quot;&quot;,&quot;validator&quot;:{&quot;className&quot;:&quot;&quot;,&quot;properties&quot;:{}},&quot;workflowVariable&quot;:&quot;&quot;,&quot;id&quot;:&quot;amount&quot;,&quot;label&quot;:&quot;Amount&quot;}},{&quot;className&quot;:&quot;org.joget.apps.form.lib.SelectBox&quot;,&quot;properties&quot;:{&quot;controlField&quot;:&quot;&quot;,&quot;size&quot;:&quot;&quot;,&quot;readonly&quot;:&quot;&quot;,&quot;optionsBinder&quot;:{&quot;className&quot;:&quot;&quot;,&quot;properties&quot;:{}},&quot;options&quot;:[{&quot;label&quot;:&quot;Open&quot;,&quot;value&quot;:&quot;open&quot;,&quot;grouping&quot;:&quot;&quot;},{&quot;label&quot;:&quot;Won&quot;,&quot;value&quot;:&quot;won&quot;,&quot;grouping&quot;:&quot;&quot;},{&quot;label&quot;:&quot;Lost&quot;,&quot;value&quot;:&quot;lost&quot;,&quot;grouping&quot;:&quot;&quot;}],&quot;multiple&quot;:&quot;&quot;,&quot;validator&quot;:{&quot;className&quot;:&quot;&quot;,&quot;properties&quot;:{}},&quot;workflowVariable&quot;:&quot;&quot;,&quot;id&quot;:&quot;stage&quot;,&quot;label&quot;:&quot;Stage&quot;,&quot;value&quot;:&quot;&quot;,&quot;readonlyLabel&quot;:&quot;&quot;}},{&quot;className&quot;:&quot;org.joget.apps.form.lib.SelectBox&quot;,&quot;properties&quot;:{&quot;id&quot;:&quot;source&quot;,&quot;label&quot;:&quot;Source&quot;,&quot;options&quot;:[{&quot;value&quot;:&quot;direct&quot;,&quot;label&quot;:&quot;Direct&quot;,&quot;grouping&quot;:&quot;&quot;},{&quot;value&quot;:&quot;indirect&quot;,&quot;label&quot;:&quot;Indirect&quot;,&quot;grouping&quot;:&quot;&quot;}],&quot;optionsBinder&quot;:{&quot;className&quot;:&quot;&quot;,&quot;properties&quot;:{}},&quot;value&quot;:&quot;&quot;,&quot;multiple&quot;:&quot;&quot;,&quot;validator&quot;:{&quot;className&quot;:&quot;&quot;,&quot;properties&quot;:{}},&quot;controlField&quot;:&quot;&quot;,&quot;size&quot;:&quot;&quot;,&quot;readonly&quot;:&quot;&quot;,&quot;readonlyLabel&quot;:&quot;&quot;,&quot;workflowVariable&quot;:&quot;&quot;}}],&quot;className&quot;:&quot;org.joget.apps.form.model.Column&quot;,&quot;properties&quot;:{&quot;width&quot;:&quot;49%&quot;}}],&quot;className&quot;:&quot;org.joget.apps.form.model.Section&quot;,&quot;properties&quot;:{&quot;visibilityControl&quot;:&quot;&quot;,&quot;loadBinder&quot;:{&quot;className&quot;:&quot;&quot;,&quot;properties&quot;:{}},&quot;id&quot;:&quot;opportunity&quot;,&quot;label&quot;:&quot;Opportunity&quot;,&quot;storeBinder&quot;:{&quot;className&quot;:&quot;&quot;,&quot;properties&quot;:{}},&quot;visibilityValue&quot;:&quot;&quot;}},{&quot;elements&quot;:[{&quot;elements&quot;:[{&quot;className&quot;:&quot;org.joget.apps.form.lib.SelectBox&quot;,&quot;properties&quot;:{&quot;readonly&quot;:&quot;&quot;,&quot;size&quot;:&quot;&quot;,&quot;optionsBinder&quot;:{&quot;className&quot;:&quot;&quot;,&quot;properties&quot;:{}},&quot;validator&quot;:{&quot;className&quot;:&quot;org.joget.apps.form.lib.DefaultValidator&quot;,&quot;properties&quot;:{}},&quot;multiple&quot;:&quot;&quot;,&quot;options&quot;:[{&quot;label&quot;:&quot;Yes&quot;,&quot;value&quot;:&quot;yes&quot;},{&quot;label&quot;:&quot;No&quot;,&quot;value&quot;:&quot;no&quot;}],&quot;workflowVariable&quot;:&quot;&quot;,&quot;id&quot;:&quot;newAccount&quot;,&quot;label&quot;:&quot;New Account&quot;}}],&quot;className&quot;:&quot;org.joget.apps.form.model.Column&quot;,&quot;properties&quot;:{&quot;width&quot;:&quot;49%&quot;}},{&quot;elements&quot;:[],&quot;className&quot;:&quot;org.joget.apps.form.model.Column&quot;,&quot;properties&quot;:{&quot;width&quot;:&quot;49%&quot;}}],&quot;className&quot;:&quot;org.joget.apps.form.model.Section&quot;,&quot;properties&quot;:{&quot;visibilityControl&quot;:&quot;&quot;,&quot;loadBinder&quot;:{&quot;className&quot;:&quot;&quot;,&quot;properties&quot;:{}},&quot;id&quot;:&quot;accountChoice&quot;,&quot;label&quot;:&quot;&quot;,&quot;storeBinder&quot;:{&quot;className&quot;:&quot;&quot;,&quot;properties&quot;:{}},&quot;visibilityValue&quot;:&quot;&quot;}},{&quot;elements&quot;:[{&quot;elements&quot;:[{&quot;className&quot;:&quot;org.joget.apps.form.lib.SelectBox&quot;,&quot;properties&quot;:{&quot;readonly&quot;:&quot;&quot;,&quot;size&quot;:&quot;&quot;,&quot;optionsBinder&quot;:{&quot;className&quot;:&quot;org.joget.apps.form.lib.FormOptionsBinder&quot;,&quot;properties&quot;:{&quot;formDefId&quot;:&quot;crm_account&quot;,&quot;labelColumn&quot;:&quot;accountName&quot;,&quot;extraCondition&quot;:&quot;&quot;}},&quot;validator&quot;:{&quot;className&quot;:&quot;&quot;,&quot;properties&quot;:{}},&quot;multiple&quot;:&quot;&quot;,&quot;options&quot;:[],&quot;workflowVariable&quot;:&quot;&quot;,&quot;id&quot;:&quot;account&quot;,&quot;label&quot;:&quot;Account&quot;}}],&quot;className&quot;:&quot;org.joget.apps.form.model.Column&quot;,&quot;properties&quot;:{&quot;width&quot;:&quot;99%&quot;}}],&quot;className&quot;:&quot;org.joget.apps.form.model.Section&quot;,&quot;properties&quot;:{&quot;visibilityControl&quot;:&quot;newAccount&quot;,&quot;loadBinder&quot;:{&quot;className&quot;:&quot;&quot;,&quot;properties&quot;:{}},&quot;id&quot;:&quot;account_existing&quot;,&quot;label&quot;:&quot;Existing Account&quot;,&quot;storeBinder&quot;:{&quot;className&quot;:&quot;&quot;,&quot;properties&quot;:{}},&quot;visibilityValue&quot;:&quot;no&quot;}},{&quot;elements&quot;:[{&quot;elements&quot;:[{&quot;className&quot;:&quot;org.joget.apps.form.lib.SubForm&quot;,&quot;properties&quot;:{&quot;parentSubFormId&quot;:&quot;account&quot;,&quot;loadBinder&quot;:{&quot;className&quot;:&quot;org.joget.apps.form.lib.WorkflowFormBinder&quot;,&quot;properties&quot;:{}},&quot;readonly&quot;:&quot;&quot;,&quot;formDefId&quot;:&quot;crm_account&quot;,&quot;subFormParentId&quot;:&quot;&quot;,&quot;id&quot;:&quot;account&quot;,&quot;label&quot;:&quot;&quot;,&quot;storeBinder&quot;:{&quot;className&quot;:&quot;org.joget.apps.form.lib.WorkflowFormBinder&quot;,&quot;properties&quot;:{}}}},{&quot;className&quot;:&quot;org.joget.apps.form.lib.CustomHTML&quot;,&quot;properties&quot;:{&quot;validator&quot;:{&quot;className&quot;:&quot;&quot;,&quot;properties&quot;:{}},&quot;id&quot;:&quot;script1&quot;,&quot;label&quot;:&quot;&quot;,&quot;value&quot;:&quot;&lt;script&gt;\nvar val = $(\&quot;#account_crm_accountid\&quot;).val();\nif (val != &apos;&apos;) {\n    $(\&quot;#newAccount\&quot;).val(\&quot;no\&quot;);\n    $(\&quot;#newAccount\&quot;).trigger(\&quot;change\&quot;);\n}\n&lt;/script&gt;&quot;}}],&quot;className&quot;:&quot;org.joget.apps.form.model.Column&quot;,&quot;properties&quot;:{&quot;width&quot;:&quot;99%&quot;}}],&quot;className&quot;:&quot;org.joget.apps.form.model.Section&quot;,&quot;properties&quot;:{&quot;visibilityControl&quot;:&quot;newAccount&quot;,&quot;loadBinder&quot;:{&quot;className&quot;:&quot;&quot;,&quot;properties&quot;:{}},&quot;id&quot;:&quot;account_new&quot;,&quot;label&quot;:&quot;Account&quot;,&quot;storeBinder&quot;:{&quot;className&quot;:&quot;&quot;,&quot;properties&quot;:{}},&quot;visibilityValue&quot;:&quot;yes&quot;}}]}</json>
         <!--description></description-->
         <dateCreated class="java.sql.Timestamp">2017-03-08 01:02:17.0 GMT</dateCreated>
         <dateModified class="java.sql.Timestamp">2017-07-12 04:56:07.0 GMT</dateModified>
      </formDefinition>
      <formDefinition>
         <id>crm_proposal_approval_form</id>
         <appId>crm</appId>
         <appVersion>1</appVersion>
         <name>Proposal Approval Form</name>
         <tableName>crm_proposal</tableName>
         <json>{&quot;className&quot;:&quot;org.joget.apps.form.model.Form&quot;,&quot;properties&quot;:{&quot;loadBinder&quot;:{&quot;className&quot;:&quot;org.joget.apps.form.lib.WorkflowFormBinder&quot;},&quot;name&quot;:&quot;Proposal Approval Form&quot;,&quot;id&quot;:&quot;crm_proposal_approval_form&quot;,&quot;storeBinder&quot;:{&quot;className&quot;:&quot;org.joget.apps.form.lib.WorkflowFormBinder&quot;},&quot;tableName&quot;:&quot;crm_proposal&quot;},&quot;elements&quot;:[{&quot;elements&quot;:[{&quot;elements&quot;:[{&quot;className&quot;:&quot;org.joget.apps.form.lib.SubForm&quot;,&quot;properties&quot;:{&quot;parentSubFormId&quot;:&quot;&quot;,&quot;loadBinder&quot;:{&quot;className&quot;:&quot;org.joget.apps.form.lib.WorkflowFormBinder&quot;,&quot;properties&quot;:{}},&quot;readonly&quot;:&quot;true&quot;,&quot;formDefId&quot;:&quot;crm_proposal_form&quot;,&quot;subFormParentId&quot;:&quot;&quot;,&quot;id&quot;:&quot;proposal&quot;,&quot;label&quot;:&quot;&quot;,&quot;storeBinder&quot;:{&quot;className&quot;:&quot;org.joget.apps.form.lib.WorkflowFormBinder&quot;,&quot;properties&quot;:{}}}}],&quot;className&quot;:&quot;org.joget.apps.form.model.Column&quot;,&quot;properties&quot;:{&quot;width&quot;:&quot;99%&quot;}}],&quot;className&quot;:&quot;org.joget.apps.form.model.Section&quot;,&quot;properties&quot;:{&quot;visibilityControl&quot;:&quot;&quot;,&quot;loadBinder&quot;:{&quot;className&quot;:&quot;&quot;,&quot;properties&quot;:{}},&quot;id&quot;:&quot;section1&quot;,&quot;label&quot;:&quot;Proposal Approval&quot;,&quot;storeBinder&quot;:{&quot;className&quot;:&quot;&quot;,&quot;properties&quot;:{}},&quot;visibilityValue&quot;:&quot;&quot;}},{&quot;elements&quot;:[{&quot;elements&quot;:[{&quot;className&quot;:&quot;org.joget.apps.form.lib.SelectBox&quot;,&quot;properties&quot;:{&quot;id&quot;:&quot;status&quot;,&quot;label&quot;:&quot;Status&quot;,&quot;options&quot;:[{&quot;value&quot;:&quot;Approved&quot;,&quot;label&quot;:&quot;Approved&quot;,&quot;grouping&quot;:&quot;&quot;},{&quot;value&quot;:&quot;Resubmit&quot;,&quot;label&quot;:&quot;Resubmit&quot;,&quot;grouping&quot;:&quot;&quot;},{&quot;value&quot;:&quot;Rejected&quot;,&quot;label&quot;:&quot;Rejected&quot;,&quot;grouping&quot;:&quot;&quot;}],&quot;optionsBinder&quot;:{&quot;className&quot;:&quot;&quot;,&quot;properties&quot;:{}},&quot;value&quot;:&quot;&quot;,&quot;multiple&quot;:&quot;&quot;,&quot;validator&quot;:{&quot;className&quot;:&quot;org.joget.apps.form.lib.DefaultValidator&quot;,&quot;properties&quot;:{&quot;mandatory&quot;:&quot;true&quot;,&quot;type&quot;:&quot;&quot;,&quot;custom-regex&quot;:&quot;&quot;,&quot;message&quot;:&quot;&quot;}},&quot;controlField&quot;:&quot;&quot;,&quot;size&quot;:&quot;&quot;,&quot;readonly&quot;:&quot;&quot;,&quot;readonlyLabel&quot;:&quot;&quot;,&quot;workflowVariable&quot;:&quot;status&quot;}},{&quot;className&quot;:&quot;org.joget.apps.form.lib.TextArea&quot;,&quot;properties&quot;:{&quot;readonly&quot;:&quot;&quot;,&quot;validator&quot;:{&quot;className&quot;:&quot;&quot;,&quot;properties&quot;:{}},&quot;id&quot;:&quot;comments&quot;,&quot;label&quot;:&quot;Approver Comments&quot;,&quot;rows&quot;:&quot;5&quot;,&quot;cols&quot;:&quot;20&quot;}}],&quot;className&quot;:&quot;org.joget.apps.form.model.Column&quot;,&quot;properties&quot;:{&quot;width&quot;:&quot;99%&quot;}}],&quot;className&quot;:&quot;org.joget.apps.form.model.Section&quot;,&quot;properties&quot;:{&quot;visibilityControl&quot;:&quot;&quot;,&quot;loadBinder&quot;:{&quot;className&quot;:&quot;&quot;,&quot;properties&quot;:{}},&quot;id&quot;:&quot;section2&quot;,&quot;label&quot;:&quot;Approver Action&quot;,&quot;storeBinder&quot;:{&quot;className&quot;:&quot;&quot;,&quot;properties&quot;:{}},&quot;visibilityValue&quot;:&quot;&quot;}}]}</json>
         <!--description></description-->
         <dateCreated class="java.sql.Timestamp">2017-03-08 01:02:17.0 GMT</dateCreated>
         <dateModified class="java.sql.Timestamp">2017-07-11 08:21:07.0 GMT</dateModified>
      </formDefinition>
      <formDefinition>
         <id>crm_proposal_form</id>
         <appId>crm</appId>
         <appVersion>1</appVersion>
         <name>Proposal Form</name>
         <tableName>crm_proposal</tableName>
         <json>{&quot;className&quot;:&quot;org.joget.apps.form.model.Form&quot;,&quot;properties&quot;:{&quot;loadBinder&quot;:{&quot;className&quot;:&quot;org.joget.apps.form.lib.WorkflowFormBinder&quot;},&quot;name&quot;:&quot;Proposal Form&quot;,&quot;id&quot;:&quot;crm_proposal_form&quot;,&quot;storeBinder&quot;:{&quot;className&quot;:&quot;org.joget.apps.form.lib.WorkflowFormBinder&quot;},&quot;tableName&quot;:&quot;crm_proposal&quot;},&quot;elements&quot;:[{&quot;elements&quot;:[{&quot;elements&quot;:[{&quot;className&quot;:&quot;org.joget.apps.form.lib.IdGeneratorField&quot;,&quot;properties&quot;:{&quot;hidden&quot;:&quot;true&quot;,&quot;format&quot;:&quot;????&quot;,&quot;workflowVariable&quot;:&quot;&quot;,&quot;envVariable&quot;:&quot;refNo&quot;,&quot;id&quot;:&quot;refNo&quot;,&quot;label&quot;:&quot;Reference No&quot;}},{&quot;className&quot;:&quot;org.joget.apps.form.lib.SelectBox&quot;,&quot;properties&quot;:{&quot;readonly&quot;:&quot;&quot;,&quot;size&quot;:&quot;&quot;,&quot;optionsBinder&quot;:{&quot;className&quot;:&quot;org.joget.apps.form.lib.FormOptionsBinder&quot;,&quot;properties&quot;:{&quot;formDefId&quot;:&quot;crm_account&quot;,&quot;labelColumn&quot;:&quot;accountName&quot;,&quot;extraCondition&quot;:&quot;&quot;}},&quot;validator&quot;:{&quot;className&quot;:&quot;&quot;,&quot;properties&quot;:{}},&quot;multiple&quot;:&quot;&quot;,&quot;options&quot;:[],&quot;workflowVariable&quot;:&quot;&quot;,&quot;id&quot;:&quot;account&quot;,&quot;label&quot;:&quot;Account&quot;}},{&quot;className&quot;:&quot;org.joget.apps.form.lib.TextField&quot;,&quot;properties&quot;:{&quot;readonly&quot;:&quot;&quot;,&quot;size&quot;:&quot;&quot;,&quot;validator&quot;:{&quot;className&quot;:&quot;org.joget.apps.form.lib.DefaultValidator&quot;,&quot;properties&quot;:{&quot;type&quot;:&quot;&quot;,&quot;mandatory&quot;:&quot;true&quot;}},&quot;workflowVariable&quot;:&quot;&quot;,&quot;id&quot;:&quot;title&quot;,&quot;label&quot;:&quot;Title&quot;}},{&quot;className&quot;:&quot;org.joget.apps.form.lib.TextArea&quot;,&quot;properties&quot;:{&quot;readonly&quot;:&quot;&quot;,&quot;validator&quot;:{&quot;className&quot;:&quot;&quot;,&quot;properties&quot;:{}},&quot;workflowVariable&quot;:&quot;&quot;,&quot;id&quot;:&quot;description&quot;,&quot;label&quot;:&quot;Description&quot;,&quot;placeholder&quot;:&quot;&quot;,&quot;rows&quot;:&quot;5&quot;,&quot;value&quot;:&quot;&quot;,&quot;cols&quot;:&quot;60&quot;,&quot;readonlyLabel&quot;:&quot;&quot;}},{&quot;className&quot;:&quot;org.joget.apps.form.lib.FileUpload&quot;,&quot;properties&quot;:{&quot;attachment&quot;:&quot;true&quot;,&quot;readonly&quot;:&quot;&quot;,&quot;size&quot;:&quot;&quot;,&quot;id&quot;:&quot;attachment&quot;,&quot;label&quot;:&quot;Attachment&quot;}}],&quot;className&quot;:&quot;org.joget.apps.form.model.Column&quot;,&quot;properties&quot;:{&quot;width&quot;:&quot;99%&quot;}}],&quot;className&quot;:&quot;org.joget.apps.form.model.Section&quot;,&quot;properties&quot;:{&quot;visibilityControl&quot;:&quot;&quot;,&quot;loadBinder&quot;:{&quot;className&quot;:&quot;&quot;,&quot;properties&quot;:{}},&quot;id&quot;:&quot;section1&quot;,&quot;label&quot;:&quot;Proposal Form&quot;,&quot;storeBinder&quot;:{&quot;className&quot;:&quot;&quot;,&quot;properties&quot;:{}},&quot;visibilityValue&quot;:&quot;&quot;}}]}</json>
         <dateCreated class="java.sql.Timestamp">2017-03-08 01:02:17.0 GMT</dateCreated>
         <dateModified class="java.sql.Timestamp">2017-03-08 01:02:17.0 GMT</dateModified>
      </formDefinition>
      <formDefinition>
         <id>crm_proposal_resubmit_form</id>
         <appId>crm</appId>
         <appVersion>1</appVersion>
         <name>Proposal Resubmit Form</name>
         <tableName>crm_proposal</tableName>
         <json>{&quot;className&quot;:&quot;org.joget.apps.form.model.Form&quot;,&quot;properties&quot;:{&quot;loadBinder&quot;:{&quot;className&quot;:&quot;org.joget.apps.form.lib.WorkflowFormBinder&quot;},&quot;name&quot;:&quot;Proposal Resubmit Form&quot;,&quot;id&quot;:&quot;crm_proposal_resubmit_form&quot;,&quot;storeBinder&quot;:{&quot;className&quot;:&quot;org.joget.apps.form.lib.WorkflowFormBinder&quot;},&quot;tableName&quot;:&quot;crm_proposal&quot;},&quot;elements&quot;:[{&quot;elements&quot;:[{&quot;elements&quot;:[{&quot;className&quot;:&quot;org.joget.apps.form.lib.SubForm&quot;,&quot;properties&quot;:{&quot;parentSubFormId&quot;:&quot;&quot;,&quot;loadBinder&quot;:{&quot;className&quot;:&quot;org.joget.apps.form.lib.WorkflowFormBinder&quot;,&quot;properties&quot;:{}},&quot;readonly&quot;:&quot;true&quot;,&quot;formDefId&quot;:&quot;crm_proposal_approval_form&quot;,&quot;subFormParentId&quot;:&quot;&quot;,&quot;id&quot;:&quot;approval&quot;,&quot;label&quot;:&quot;&quot;,&quot;storeBinder&quot;:{&quot;className&quot;:&quot;org.joget.apps.form.lib.WorkflowFormBinder&quot;,&quot;properties&quot;:{}}}}],&quot;className&quot;:&quot;org.joget.apps.form.model.Column&quot;,&quot;properties&quot;:{&quot;width&quot;:&quot;99%&quot;}}],&quot;className&quot;:&quot;org.joget.apps.form.model.Section&quot;,&quot;properties&quot;:{&quot;visibilityControl&quot;:&quot;&quot;,&quot;loadBinder&quot;:{&quot;className&quot;:&quot;&quot;,&quot;properties&quot;:{}},&quot;id&quot;:&quot;section1&quot;,&quot;label&quot;:&quot;Proposal Resubmit&quot;,&quot;storeBinder&quot;:{&quot;className&quot;:&quot;&quot;,&quot;properties&quot;:{}},&quot;visibilityValue&quot;:&quot;&quot;}},{&quot;elements&quot;:[{&quot;elements&quot;:[{&quot;className&quot;:&quot;org.joget.apps.form.lib.SubForm&quot;,&quot;properties&quot;:{&quot;parentSubFormId&quot;:&quot;&quot;,&quot;loadBinder&quot;:{&quot;className&quot;:&quot;&quot;,&quot;properties&quot;:{}},&quot;readonly&quot;:&quot;&quot;,&quot;formDefId&quot;:&quot;crm_proposal_form&quot;,&quot;subFormParentId&quot;:&quot;&quot;,&quot;id&quot;:&quot;proposal&quot;,&quot;label&quot;:&quot;&quot;,&quot;storeBinder&quot;:{&quot;className&quot;:&quot;&quot;,&quot;properties&quot;:{}}}},{&quot;className&quot;:&quot;org.joget.apps.form.lib.HiddenField&quot;,&quot;properties&quot;:{&quot;id&quot;:&quot;status&quot;,&quot;value&quot;:&quot;Pending&quot;,&quot;useDefaultWhenEmpty&quot;:&quot;&quot;,&quot;workflowVariable&quot;:&quot;status&quot;}}],&quot;className&quot;:&quot;org.joget.apps.form.model.Column&quot;,&quot;properties&quot;:{&quot;width&quot;:&quot;99%&quot;}}],&quot;className&quot;:&quot;org.joget.apps.form.model.Section&quot;,&quot;properties&quot;:{&quot;visibilityControl&quot;:&quot;&quot;,&quot;loadBinder&quot;:{&quot;className&quot;:&quot;&quot;,&quot;properties&quot;:{}},&quot;id&quot;:&quot;section2&quot;,&quot;label&quot;:&quot;Proposal Resubmission&quot;,&quot;storeBinder&quot;:{&quot;className&quot;:&quot;&quot;,&quot;properties&quot;:{}},&quot;visibilityValue&quot;:&quot;&quot;}}]}</json>
         <!--description></description-->
         <dateCreated class="java.sql.Timestamp">2017-03-08 01:02:17.0 GMT</dateCreated>
         <dateModified class="java.sql.Timestamp">2017-07-11 08:21:33.0 GMT</dateModified>
      </formDefinition>
      <formDefinition>
         <id>crm_proposal_sending_form</id>
         <appId>crm</appId>
         <appVersion>1</appVersion>
         <name>Proposal Sending Form</name>
         <tableName>crm_proposal</tableName>
         <json>{&quot;className&quot;:&quot;org.joget.apps.form.model.Form&quot;,&quot;properties&quot;:{&quot;id&quot;:&quot;crm_proposal_sending_form&quot;,&quot;loadBinder&quot;:{&quot;className&quot;:&quot;org.joget.apps.form.lib.WorkflowFormBinder&quot;},&quot;tableName&quot;:&quot;crm_proposal&quot;,&quot;name&quot;:&quot;Proposal Sending Form&quot;,&quot;storeBinder&quot;:{&quot;className&quot;:&quot;org.joget.apps.form.lib.WorkflowFormBinder&quot;}},&quot;elements&quot;:[{&quot;elements&quot;:[{&quot;elements&quot;:[{&quot;className&quot;:&quot;org.joget.apps.form.lib.SubForm&quot;,&quot;properties&quot;:{&quot;id&quot;:&quot;approval&quot;,&quot;formDefId&quot;:&quot;crm_proposal_approval_form&quot;,&quot;loadBinder&quot;:{&quot;className&quot;:&quot;org.joget.apps.form.lib.WorkflowFormBinder&quot;,&quot;properties&quot;:{}},&quot;subFormParentId&quot;:&quot;&quot;,&quot;storeBinder&quot;:{&quot;className&quot;:&quot;org.joget.apps.form.lib.WorkflowFormBinder&quot;,&quot;properties&quot;:{}},&quot;label&quot;:&quot;&quot;,&quot;parentSubFormId&quot;:&quot;&quot;,&quot;readonly&quot;:&quot;true&quot;}}],&quot;className&quot;:&quot;org.joget.apps.form.model.Column&quot;,&quot;properties&quot;:{&quot;width&quot;:&quot;99%&quot;}}],&quot;className&quot;:&quot;org.joget.apps.form.model.Section&quot;,&quot;properties&quot;:{&quot;id&quot;:&quot;section1&quot;,&quot;loadBinder&quot;:{&quot;className&quot;:&quot;&quot;,&quot;properties&quot;:{}},&quot;visibilityControl&quot;:&quot;&quot;,&quot;visibilityValue&quot;:&quot;&quot;,&quot;storeBinder&quot;:{&quot;className&quot;:&quot;&quot;,&quot;properties&quot;:{}},&quot;label&quot;:&quot;Proposal Sending&quot;}},{&quot;elements&quot;:[{&quot;elements&quot;:[{&quot;className&quot;:&quot;org.joget.apps.form.lib.TextArea&quot;,&quot;properties&quot;:{&quot;id&quot;:&quot;notes&quot;,&quot;cols&quot;:&quot;20&quot;,&quot;validator&quot;:{&quot;className&quot;:&quot;&quot;,&quot;properties&quot;:{}},&quot;label&quot;:&quot;Notes&quot;,&quot;readonly&quot;:&quot;&quot;,&quot;rows&quot;:&quot;5&quot;}}],&quot;className&quot;:&quot;org.joget.apps.form.model.Column&quot;,&quot;properties&quot;:{&quot;width&quot;:&quot;99%&quot;}}],&quot;className&quot;:&quot;org.joget.apps.form.model.Section&quot;,&quot;properties&quot;:{&quot;id&quot;:&quot;section2&quot;,&quot;loadBinder&quot;:{&quot;className&quot;:&quot;&quot;,&quot;properties&quot;:{}},&quot;visibilityControl&quot;:&quot;&quot;,&quot;visibilityValue&quot;:&quot;&quot;,&quot;storeBinder&quot;:{&quot;className&quot;:&quot;&quot;,&quot;properties&quot;:{}},&quot;label&quot;:&quot;&quot;}}]}</json>
         <dateCreated class="java.sql.Timestamp">2017-03-08 01:02:17.0 GMT</dateCreated>
         <dateModified class="java.sql.Timestamp">2017-03-08 01:02:17.0 GMT</dateModified>
      </formDefinition>
  </formDefinitionList>
   <userviewDefinitionList>
      <userviewDefinition>
         <id>crm_userview_sales</id>
         <appId>crm</appId>
         <appVersion>1</appVersion>
         <name>Customer Relationship Management</name>
         <description></description>
         <json>{&quot;className&quot;:&quot;org.joget.apps.userview.model.Userview&quot;,&quot;properties&quot;:{&quot;id&quot;:&quot;crm_userview_sales&quot;,&quot;name&quot;:&quot;Customer Relationship Management&quot;,&quot;description&quot;:&quot;&quot;,&quot;welcomeMessage&quot;:&quot;Sales Force Automation&quot;,&quot;logoutText&quot;:&quot;Logout&quot;,&quot;footerMessage&quot;:&quot;Powered by Joget&quot;},&quot;layout&quot;:{&quot;className&quot;:&quot;org.joget.apps.userview.model.UserviewLayout&quot;,&quot;properties&quot;:{&quot;customHeader&quot;:&quot;&quot;,&quot;customFooter&quot;:&quot;&quot;,&quot;beforeMenu&quot;:&quot;&quot;,&quot;afterMenu&quot;:&quot;&quot;,&quot;theme&quot;:{&quot;className&quot;:&quot;org.joget.apps.userview.lib.DefaultTheme&quot;,&quot;properties&quot;:{&quot;css&quot;:&quot;&quot;,&quot;js&quot;:&quot;&quot;}}}},&quot;categories&quot;:[{&quot;className&quot;:&quot;org.joget.apps.userview.model.UserviewCategory&quot;,&quot;properties&quot;:{&quot;id&quot;:&quot;category-9BE91A55FAAC4B5098841EA9E1994BE6&quot;,&quot;label&quot;:&quot;Home&quot;,&quot;hide&quot;:&quot;&quot;,&quot;permission&quot;:{&quot;className&quot;:&quot;org.joget.plugin.enterprise.AnonymousUserviewPermission&quot;,&quot;properties&quot;:{}}},&quot;menus&quot;:[{&quot;className&quot;:&quot;org.joget.apps.userview.lib.HtmlPage&quot;,&quot;properties&quot;:{&quot;id&quot;:&quot;welcome&quot;,&quot;customId&quot;:&quot;welcome&quot;,&quot;label&quot;:&quot;Welcome&quot;,&quot;content&quot;:&quot;&lt;div id=\&quot;left_content\&quot;&gt;\n&lt;div style=\&quot;float: left; width: 400px; margin-right: 10px;\&quot;&gt;\n&lt;h4 style=\&quot;margin: 0px; padding: 0px; border-width: 0px; font-family: inherit; font-style: inherit; font-variant: inherit; font-size: inherit; line-height: inherit; font-size-adjust: inherit; font-stretch: inherit; vertical-align: baseline; font-weight: bold; color: #042c54;\&quot;&gt;More Leads, More Sales, More Customers&lt;\/h4&gt;\n&lt;h1 style=\&quot;margin: 0px; padding: 0px; border-width: 0px; font: inherit; vertical-align: baseline; color: #1f4282;\&quot;&gt;&lt;span style=\&quot;font-size: large;\&quot;&gt;&lt;strong&gt;Business&amp;nbsp;Customer Relationship Management&lt;\/strong&gt;&lt;\/span&gt;&lt;\/h1&gt;\n&lt;p style=\&quot;margin: 0px; padding: 30px 0px 0px; border-width: 0px; font-family: inherit; font-style: inherit; font-variant: inherit; font-weight: inherit; font-size: inherit; font-size-adjust: inherit; font-stretch: inherit; vertical-align: baseline; color: #363636; line-height: 15px;\&quot;&gt;CRM helps your business communicate with prospects, share sales information, close deals and keep customers happy.&lt;img src=\&quot;http:\/\/www.joget.org\/images\/demo\/phone_pad.png\&quot; alt=\&quot;\&quot; width=\&quot;382\&quot; height=\&quot;302\&quot; \/&gt;&lt;\/p&gt;\n&lt;p style=\&quot;margin: 0px; padding: 30px 0px 0px; border-width: 0px; font-family: inherit; font-style: inherit; font-variant: inherit; font-weight: inherit; font-size: inherit; font-size-adjust: inherit; font-stretch: inherit; vertical-align: baseline; color: #363636; line-height: 15px;\&quot;&gt;&lt;\/p&gt;\n&lt;p style=\&quot;margin: 0px; padding: 30px 0px 0px; border-width: 0px; font-family: inherit; font-style: inherit; font-variant: inherit; font-weight: inherit; font-size: inherit; font-size-adjust: inherit; font-stretch: inherit; vertical-align: baseline; color: #363636; line-height: 15px;\&quot;&gt;&lt;strong&gt;Tips&lt;\/strong&gt;&lt;\/p&gt;\n&lt;ul&gt;\n&lt;li style=\&quot;margin: 0px; padding: 30px 0px 0px; border-width: 0px; font-family: inherit; font-style: inherit; font-variant: inherit; font-weight: inherit; font-size: inherit; font-size-adjust: inherit; font-stretch: inherit; vertical-align: baseline; color: #363636; line-height: 15px;\&quot;&gt;You can now store the global &lt;a href=\&quot;\/jw\/web\/console\/setting\/general\&quot;&gt;email SMTP configuration&lt;\/a&gt; in Joget Workflow v6 System Settings.&lt;\/li&gt;\n&lt;li style=\&quot;margin: 0px; padding: 30px 0px 0px; border-width: 0px; font-family: inherit; font-style: inherit; font-variant: inherit; font-weight: inherit; font-size: inherit; font-size-adjust: inherit; font-stretch: inherit; vertical-align: baseline; color: #363636; line-height: 15px;\&quot;&gt;Do remember to provide an email address for &apos;admin&apos; and other users in &lt;a href=\&quot;\/jw\/web\/console\/directory\/users\&quot;&gt;Setup Users&lt;\/a&gt; for your new installation.&lt;\/li&gt;\n&lt;\/ul&gt;\n&lt;p style=\&quot;margin: 0px; padding: 30px 0px 0px; border-width: 0px; font-family: inherit; font-style: inherit; font-variant: inherit; font-weight: inherit; font-size: inherit; font-size-adjust: inherit; font-stretch: inherit; vertical-align: baseline; color: #363636; line-height: 15px;\&quot;&gt;&lt;\/p&gt;\n&lt;\/div&gt;\n&lt;\/div&gt;&quot;,&quot;userviewCacheScope&quot;:&quot;&quot;,&quot;userviewCacheDuration&quot;:&quot;20&quot;}}],&quot;permission&quot;:{&quot;className&quot;:&quot;org.joget.apps.userview.model.UserviewPermission&quot;,&quot;properties&quot;:{}}},{&quot;className&quot;:&quot;org.joget.apps.userview.model.UserviewCategory&quot;,&quot;properties&quot;:{&quot;id&quot;:&quot;category-7650DEEFC4CC4332AC25871B65BBDD48&quot;,&quot;label&quot;:&quot;Accounts&quot;,&quot;hide&quot;:&quot;&quot;,&quot;permission&quot;:{&quot;className&quot;:&quot;org.joget.apps.userview.lib.LoggedInUserPermission&quot;,&quot;properties&quot;:{}}},&quot;menus&quot;:[{&quot;className&quot;:&quot;org.joget.apps.userview.lib.DataListMenu&quot;,&quot;properties&quot;:{&quot;id&quot;:&quot;384344BD3E2946D097C6F5F17540C377&quot;,&quot;customId&quot;:&quot;account_list&quot;,&quot;label&quot;:&quot;Account List&quot;,&quot;datalistId&quot;:&quot;crm_account_list&quot;,&quot;rowCount&quot;:&quot;true&quot;,&quot;buttonPosition&quot;:&quot;topLeft&quot;,&quot;selectionType&quot;:&quot;multiple&quot;,&quot;checkboxPosition&quot;:&quot;left&quot;,&quot;customHeader&quot;:&quot;&lt;h2&gt;Account List&lt;\/h2&gt;&quot;,&quot;customFooter&quot;:&quot;&quot;,&quot;keyName&quot;:&quot;&quot;,&quot;userviewCacheScope&quot;:&quot;&quot;,&quot;userviewCacheDuration&quot;:&quot;20&quot;}},{&quot;className&quot;:&quot;org.joget.apps.userview.lib.FormMenu&quot;,&quot;properties&quot;:{&quot;id&quot;:&quot;account_form&quot;,&quot;customId&quot;:&quot;account_new&quot;,&quot;label&quot;:&quot;New Account&quot;,&quot;formId&quot;:&quot;crm_account&quot;,&quot;showInPopupDialog&quot;:&quot;&quot;,&quot;readonly&quot;:&quot;&quot;,&quot;readonlyLabel&quot;:&quot;&quot;,&quot;messageShowAfterComplete&quot;:&quot;&quot;,&quot;redirectUrlAfterComplete&quot;:&quot;account_list&quot;,&quot;redirectUrlOnCancel&quot;:&quot;account_list&quot;,&quot;redirectTargetOnCancel&quot;:&quot;top&quot;,&quot;fieldPassover&quot;:&quot;&quot;,&quot;fieldPassoverMethod&quot;:&quot;append&quot;,&quot;paramName&quot;:&quot;&quot;,&quot;submitButtonLabel&quot;:&quot;&quot;,&quot;cancelButtonLabel&quot;:&quot;&quot;,&quot;customHeader&quot;:&quot;&quot;,&quot;customFooter&quot;:&quot;&quot;,&quot;keyName&quot;:&quot;&quot;,&quot;loadDataWithKey&quot;:&quot;&quot;,&quot;userviewCacheScope&quot;:&quot;&quot;,&quot;userviewCacheDuration&quot;:&quot;20&quot;}}],&quot;permission&quot;:{&quot;className&quot;:&quot;org.joget.apps.userview.model.UserviewPermission&quot;,&quot;properties&quot;:{}}},{&quot;className&quot;:&quot;org.joget.apps.userview.model.UserviewCategory&quot;,&quot;properties&quot;:{&quot;id&quot;:&quot;category-E77D2050680D4DB0A85A5C0C3AC1C083&quot;,&quot;label&quot;:&quot;Contacts&quot;,&quot;hide&quot;:&quot;&quot;,&quot;permission&quot;:{&quot;className&quot;:&quot;org.joget.apps.userview.lib.LoggedInUserPermission&quot;,&quot;properties&quot;:{}}},&quot;menus&quot;:[{&quot;className&quot;:&quot;org.joget.apps.userview.lib.DataListMenu&quot;,&quot;properties&quot;:{&quot;id&quot;:&quot;D86B740C970C4B08B4D5CCD3DC0E9503&quot;,&quot;customId&quot;:&quot;contact_list&quot;,&quot;label&quot;:&quot;Contact List&quot;,&quot;datalistId&quot;:&quot;crm_contact_list&quot;,&quot;rowCount&quot;:&quot;true&quot;,&quot;buttonPosition&quot;:&quot;topLeft&quot;,&quot;selectionType&quot;:&quot;multiple&quot;,&quot;checkboxPosition&quot;:&quot;left&quot;,&quot;customHeader&quot;:&quot;&lt;h2&gt;Contact List&lt;\/h2&gt;&quot;,&quot;customFooter&quot;:&quot;&quot;,&quot;keyName&quot;:&quot;&quot;,&quot;userviewCacheScope&quot;:&quot;&quot;,&quot;userviewCacheDuration&quot;:&quot;20&quot;}},{&quot;className&quot;:&quot;org.joget.apps.userview.lib.FormMenu&quot;,&quot;properties&quot;:{&quot;id&quot;:&quot;contact-form&quot;,&quot;customId&quot;:&quot;contact_new&quot;,&quot;label&quot;:&quot;New Contact&quot;,&quot;formId&quot;:&quot;crm_contact&quot;,&quot;showInPopupDialog&quot;:&quot;&quot;,&quot;readonly&quot;:&quot;&quot;,&quot;readonlyLabel&quot;:&quot;true&quot;,&quot;messageShowAfterComplete&quot;:&quot;&quot;,&quot;redirectUrlAfterComplete&quot;:&quot;contact_list&quot;,&quot;redirectUrlOnCancel&quot;:&quot;contact_list&quot;,&quot;redirectTargetOnCancel&quot;:&quot;top&quot;,&quot;fieldPassover&quot;:&quot;&quot;,&quot;fieldPassoverMethod&quot;:&quot;append&quot;,&quot;paramName&quot;:&quot;&quot;,&quot;submitButtonLabel&quot;:&quot;&quot;,&quot;cancelButtonLabel&quot;:&quot;&quot;,&quot;customHeader&quot;:&quot;&quot;,&quot;customFooter&quot;:&quot;&quot;,&quot;keyName&quot;:&quot;&quot;,&quot;loadDataWithKey&quot;:&quot;&quot;,&quot;userviewCacheScope&quot;:&quot;&quot;,&quot;userviewCacheDuration&quot;:&quot;20&quot;}}],&quot;permission&quot;:{&quot;className&quot;:&quot;org.joget.apps.userview.model.UserviewPermission&quot;,&quot;properties&quot;:{}}},{&quot;className&quot;:&quot;org.joget.apps.userview.model.UserviewCategory&quot;,&quot;properties&quot;:{&quot;id&quot;:&quot;category-A12DBDB14B4447A984E6095B77F28B42&quot;,&quot;label&quot;:&quot;Opportunities&quot;,&quot;hide&quot;:&quot;&quot;,&quot;permission&quot;:{&quot;className&quot;:&quot;org.joget.apps.userview.lib.LoggedInUserPermission&quot;,&quot;properties&quot;:{}}},&quot;menus&quot;:[{&quot;className&quot;:&quot;org.joget.apps.userview.lib.DataListMenu&quot;,&quot;properties&quot;:{&quot;id&quot;:&quot;A074397ABEA94CF78E2E8FA0843AB97B&quot;,&quot;customId&quot;:&quot;opportunity_list&quot;,&quot;label&quot;:&quot;Opportunities List&quot;,&quot;datalistId&quot;:&quot;crm_opportunity_list&quot;,&quot;rowCount&quot;:&quot;true&quot;,&quot;buttonPosition&quot;:&quot;topLeft&quot;,&quot;selectionType&quot;:&quot;multiple&quot;,&quot;checkboxPosition&quot;:&quot;left&quot;,&quot;customHeader&quot;:&quot;&lt;h2&gt;Opportunities List&lt;\/h2&gt;&quot;,&quot;customFooter&quot;:&quot;&quot;,&quot;keyName&quot;:&quot;&quot;,&quot;userviewCacheScope&quot;:&quot;&quot;,&quot;userviewCacheDuration&quot;:&quot;20&quot;}},{&quot;className&quot;:&quot;org.joget.apps.userview.lib.FormMenu&quot;,&quot;properties&quot;:{&quot;id&quot;:&quot;0C7E36768A2F46BB945CEC50E62E0BE8&quot;,&quot;customId&quot;:&quot;opportunity_new&quot;,&quot;label&quot;:&quot;New Opportunity&quot;,&quot;formId&quot;:&quot;crm_opportunity&quot;,&quot;showInPopupDialog&quot;:&quot;&quot;,&quot;readonly&quot;:&quot;&quot;,&quot;readonlyLabel&quot;:&quot;&quot;,&quot;messageShowAfterComplete&quot;:&quot;&quot;,&quot;redirectUrlAfterComplete&quot;:&quot;opportunity_list&quot;,&quot;redirectUrlOnCancel&quot;:&quot;opportunity_list&quot;,&quot;redirectTargetOnCancel&quot;:&quot;top&quot;,&quot;fieldPassover&quot;:&quot;&quot;,&quot;fieldPassoverMethod&quot;:&quot;append&quot;,&quot;paramName&quot;:&quot;&quot;,&quot;submitButtonLabel&quot;:&quot;&quot;,&quot;cancelButtonLabel&quot;:&quot;&quot;,&quot;customHeader&quot;:&quot;&quot;,&quot;customFooter&quot;:&quot;&quot;,&quot;keyName&quot;:&quot;&quot;,&quot;loadDataWithKey&quot;:&quot;&quot;,&quot;userviewCacheScope&quot;:&quot;&quot;,&quot;userviewCacheDuration&quot;:&quot;20&quot;}}],&quot;permission&quot;:{&quot;className&quot;:&quot;org.joget.apps.userview.model.UserviewPermission&quot;,&quot;properties&quot;:{}}},{&quot;className&quot;:&quot;org.joget.apps.userview.model.UserviewCategory&quot;,&quot;properties&quot;:{&quot;id&quot;:&quot;category-78EC0B8A1E8E483A93770714BB0D6F6E&quot;,&quot;label&quot;:&quot;Proposal Process&quot;,&quot;hide&quot;:&quot;&quot;,&quot;permission&quot;:{&quot;className&quot;:&quot;org.joget.apps.userview.lib.LoggedInUserPermission&quot;,&quot;properties&quot;:{}}},&quot;menus&quot;:[{&quot;className&quot;:&quot;org.joget.apps.userview.lib.InboxMenu&quot;,&quot;properties&quot;:{&quot;id&quot;:&quot;AA1445B29D904408B3F2B1B36E469E16&quot;,&quot;customId&quot;:&quot;proposalinbox&quot;,&quot;label&quot;:&quot;Proposals Inbox&quot;,&quot;appFilter&quot;:&quot;all&quot;,&quot;processId&quot;:&quot;&quot;,&quot;rowCount&quot;:&quot;true&quot;,&quot;buttonPosition&quot;:&quot;topLeft&quot;,&quot;list-customHeader&quot;:&quot;&lt;h1&gt;Proposals Inbox&lt;\/h1&gt;&quot;,&quot;list-customFooter&quot;:&quot;&quot;,&quot;assignment-customHeader&quot;:&quot;&quot;,&quot;assignment-customFooter&quot;:&quot;&quot;,&quot;userviewCacheScope&quot;:&quot;&quot;,&quot;userviewCacheDuration&quot;:&quot;20&quot;}},{&quot;className&quot;:&quot;org.joget.apps.userview.lib.DataListMenu&quot;,&quot;properties&quot;:{&quot;id&quot;:&quot;8EEE29E4A7434017B95C4128DA4CAE43&quot;,&quot;customId&quot;:&quot;proposal_all&quot;,&quot;label&quot;:&quot;Proposals Lists&quot;,&quot;datalistId&quot;:&quot;Proposal&quot;,&quot;rowCount&quot;:&quot;true&quot;,&quot;buttonPosition&quot;:&quot;topLeft&quot;,&quot;selectionType&quot;:&quot;multiple&quot;,&quot;checkboxPosition&quot;:&quot;left&quot;,&quot;customHeader&quot;:&quot;&lt;h1&gt;Proposals Lists&lt;\/h1&gt;&quot;,&quot;customFooter&quot;:&quot;&quot;,&quot;keyName&quot;:&quot;&quot;,&quot;userviewCacheScope&quot;:&quot;&quot;,&quot;userviewCacheDuration&quot;:&quot;20&quot;}},{&quot;className&quot;:&quot;org.joget.apps.userview.lib.RunProcess&quot;,&quot;properties&quot;:{&quot;id&quot;:&quot;2D27B3875F234315A7A3562BD0E35AB2&quot;,&quot;customId&quot;:&quot;proposal_process&quot;,&quot;label&quot;:&quot;New Proposal Process&quot;,&quot;processDefId&quot;:&quot;process1&quot;,&quot;runProcessDirectly&quot;:&quot;Yes&quot;,&quot;showInPopupDialog&quot;:&quot;&quot;,&quot;runProcessSubmitLabel&quot;:&quot;&quot;,&quot;messageShowAfterComplete&quot;:&quot;&quot;,&quot;redirectUrlAfterComplete&quot;:&quot;proposalinbox&quot;,&quot;fieldPassover&quot;:&quot;proposalinbox&quot;,&quot;fieldPassoverMethod&quot;:&quot;append&quot;,&quot;paramName&quot;:&quot;&quot;,&quot;keyName&quot;:&quot;&quot;,&quot;userviewCacheScope&quot;:&quot;&quot;,&quot;userviewCacheDuration&quot;:&quot;20&quot;}}]},{&quot;className&quot;:&quot;org.joget.apps.userview.model.UserviewCategory&quot;,&quot;properties&quot;:{&quot;id&quot;:&quot;category-25EBE99EB6B04DD8B6A73B6AD564057D&quot;,&quot;label&quot;:&quot;Hidden&quot;,&quot;hide&quot;:&quot;yes&quot;,&quot;permission&quot;:{&quot;className&quot;:&quot;org.joget.apps.userview.lib.LoggedInUserPermission&quot;,&quot;properties&quot;:{}},&quot;comment&quot;:&quot;&quot;},&quot;menus&quot;:[{&quot;className&quot;:&quot;org.joget.apps.userview.lib.FormMenu&quot;,&quot;properties&quot;:{&quot;id&quot;:&quot;65DDACF79C3C47FE82AB4D25ED9F5A3D&quot;,&quot;customId&quot;:&quot;proposal_form_&quot;,&quot;label&quot;:&quot;Proposal Form&quot;,&quot;formId&quot;:&quot;crm_proposal_sending_form&quot;,&quot;showInPopupDialog&quot;:&quot;&quot;,&quot;readonly&quot;:&quot;Yes&quot;,&quot;readonlyLabel&quot;:&quot;&quot;,&quot;messageShowAfterComplete&quot;:&quot;&quot;,&quot;redirectUrlAfterComplete&quot;:&quot;proposal_all&quot;,&quot;redirectUrlOnCancel&quot;:&quot;proposal_all&quot;,&quot;redirectTargetOnCancel&quot;:&quot;top&quot;,&quot;fieldPassover&quot;:&quot;&quot;,&quot;fieldPassoverMethod&quot;:&quot;append&quot;,&quot;paramName&quot;:&quot;&quot;,&quot;submitButtonLabel&quot;:&quot;&quot;,&quot;cancelButtonLabel&quot;:&quot;&quot;,&quot;customHeader&quot;:&quot;&quot;,&quot;customFooter&quot;:&quot;&quot;,&quot;keyName&quot;:&quot;&quot;,&quot;loadDataWithKey&quot;:&quot;&quot;,&quot;userviewCacheScope&quot;:&quot;&quot;,&quot;userviewCacheDuration&quot;:&quot;20&quot;}}]},{&quot;menus&quot;:[{&quot;className&quot;:&quot;org.joget.apps.userview.lib.HtmlPage&quot;,&quot;properties&quot;:{&quot;id&quot;:&quot;ED8EA9FDB086486C989E6460ED5BA59D&quot;,&quot;customId&quot;:&quot;jogetworkflowresources&quot;,&quot;label&quot;:&quot;Joget Workflow Resources&quot;,&quot;content&quot;:&quot;&lt;h1&gt;Joget Workflow Resources&lt;\/h1&gt;\n&lt;ul&gt;\n&lt;li&gt;&lt;a href=\&quot;http:\/\/joget.org\&quot;&gt;Joget Workflow Products&lt;\/a&gt;&lt;\/li&gt;\n&lt;li&gt;&lt;a href=\&quot;https:\/\/www.youtube.com\/user\/jogetworkflow\&quot;&gt;Joget Workflow Videos&lt;\/a&gt;&lt;\/li&gt;\n&lt;li&gt;&lt;a href=\&quot;https:\/\/cloud.joget.com\&quot;&gt;Joget Workflow On-Demand Cloud&lt;\/a&gt;&lt;\/li&gt;\n&lt;li&gt;&lt;a href=\&quot;https:\/\/marketplace.joget.org\&quot;&gt;Joget Workflow Marketplace&lt;\/a&gt;&lt;\/li&gt;\n&lt;li&gt;&lt;a href=\&quot;https:\/\/translate.joget.org\&quot;&gt;Joget Workflow Translations&lt;\/a&gt;&lt;\/li&gt;\n&lt;li&gt;&lt;a href=\&quot;http:\/\/answer.joget.org\&quot;&gt;Joget Workflow Answers&lt;\/a&gt;&lt;\/li&gt;\n&lt;li&gt;&lt;a href=\&quot;http:\/\/community.joget.org\&quot;&gt;Joget Workflow Knowledge Base&lt;\/a&gt;&lt;\/li&gt;\n&lt;li&gt;&lt;a href=\&quot;http:\/\/joget.org\/buy-enterprise-edition-license\/\&quot;&gt;Purchase Joget Workflow Enterprise License&lt;\/a&gt;&lt;\/li&gt;\n&lt;li&gt;&lt;a href=\&quot;https:\/\/play.google.com\/store\/apps\/details?id=org.joget.mobile&amp;amp;hl=en\&quot;&gt;Joget Workflow Mobile Android App&lt;\/a&gt;&lt;\/li&gt;\n&lt;li&gt;&lt;a href=\&quot;https:\/\/itunes.apple.com\/us\/app\/joget-workflow-mobile\/id1084995640?mt=8\&quot;&gt;Joget Workflow Mobile iOS App&lt;\/a&gt;&lt;\/li&gt;\n&lt;\/ul&gt;&quot;,&quot;userviewCacheScope&quot;:&quot;&quot;,&quot;userviewCacheDuration&quot;:&quot;20&quot;}},{&quot;className&quot;:&quot;org.joget.apps.userview.lib.HtmlPage&quot;,&quot;properties&quot;:{&quot;id&quot;:&quot;31A2257FC59F452BAD3A5A947E6C0692&quot;,&quot;customId&quot;:&quot;applicense&quot;,&quot;label&quot;:&quot;App License&quot;,&quot;content&quot;:&quot;&lt;div style=\&quot;font-size: 24px; font-weight: bold; font-family: inherit;\&quot;&gt;#envVariable.AppName# License&lt;\/div&gt;\n&lt;hr size=\&quot;1\&quot; \/&gt;\n&lt;p&gt;&lt;\/p&gt;\n&lt;pre style=\&quot;display: block; padding: 9.5px; margin: 0 0 10px; font-size: 13px; line-height: 20px; word-break: break-all; word-wrap: break-word; white-space: pre-wrap; background-color: #f5f5f5; border: 1px solid rgba(0,0,0,0.15); -webkit-border-radius: 4px; -moz-border-radius: 4px; border-radius: 4px; font-family: Monaco,Menlo,Consolas,Courier New,monospace;\&quot;&gt;Copyright #date.yyyy# Joget, Inc.\n\nLicensed under the Apache License, Version 2.0 (the \&quot;License\&quot;);\nyou may not use this file except in compliance with the License.\nYou may obtain a copy of the License at\n\n    &lt;a href=\&quot;http:\/\/www.apache.org\/licenses\/LICENSE-2.0\&quot; target=\&quot;_blank\&quot; rel=\&quot;noopener noreferrer\&quot;&gt;http:\/\/www.apache.org\/licenses\/LICENSE-2.0\n&lt;\/a&gt;\nUnless required by applicable law or agreed to in writing, software\ndistributed under the License is distributed on an \&quot;AS IS\&quot; BASIS,\nWITHOUT WARRANTIES OR CONDITIONS OF ANY KIND, either express or implied.\nSee the License for the specific language governing permissions and\nlimitations under the License.&lt;\/pre&gt;&quot;,&quot;userviewCacheScope&quot;:&quot;&quot;,&quot;userviewCacheDuration&quot;:&quot;20&quot;}}],&quot;className&quot;:&quot;org.joget.apps.userview.model.UserviewCategory&quot;,&quot;properties&quot;:{&quot;id&quot;:&quot;category-8739F2859D894A339404C2404CB9004E&quot;,&quot;hide&quot;:&quot;&quot;,&quot;permission&quot;:{&quot;className&quot;:&quot;&quot;,&quot;properties&quot;:{}},&quot;label&quot;:&quot;&lt;i class=\&quot;fa fa-info-circle\&quot; aria-hidden=\&quot;true\&quot;&gt;&lt;\/i&gt;Info&quot;}}],&quot;setting&quot;:{&quot;className&quot;:&quot;org.joget.apps.userview.model.UserviewSetting&quot;,&quot;properties&quot;:{&quot;theme&quot;:{&quot;className&quot;:&quot;org.joget.plugin.enterprise.UniversalTheme&quot;,&quot;properties&quot;:{&quot;horizontal_menu&quot;:&quot;true&quot;,&quot;themeScheme&quot;:&quot;light&quot;,&quot;primaryColor&quot;:&quot;DARKROYALBLUE&quot;,&quot;accentColor&quot;:&quot;BLUE&quot;,&quot;buttonColor&quot;:&quot;GREY&quot;,&quot;buttonTextColor&quot;:&quot;WHITE&quot;,&quot;menuFontColor&quot;:&quot;BLACK&quot;,&quot;fontColor&quot;:&quot;WHITE&quot;,&quot;fav_icon&quot;:&quot;&quot;,&quot;logo&quot;:&quot;&quot;,&quot;profile&quot;:&quot;&quot;,&quot;userImage&quot;:&quot;no&quot;,&quot;inbox&quot;:&quot;all&quot;,&quot;shortcutLinkLabel&quot;:&quot;Shortcut&quot;,&quot;shortcut&quot;:[],&quot;userMenu&quot;:[],&quot;enableResponsiveSwitch&quot;:&quot;true&quot;,&quot;removeAssignmentTitle&quot;:&quot;true&quot;,&quot;homeAttractBanner&quot;:&quot;&quot;,&quot;css&quot;:&quot;&quot;,&quot;js&quot;:&quot;&quot;,&quot;subheader&quot;:&quot;&quot;,&quot;subfooter&quot;:&quot;&quot;,&quot;disableHelpGuide&quot;:&quot;&quot;,&quot;loginPageTop&quot;:&quot;&quot;,&quot;loginPageBottom&quot;:&quot;&quot;}},&quot;userviewDescription&quot;:&quot;&quot;,&quot;hideThisUserviewInAppCenter&quot;:&quot;&quot;,&quot;permission&quot;:{&quot;className&quot;:&quot;&quot;,&quot;properties&quot;:{}},&quot;tempDisablePermissionChecking&quot;:&quot;&quot;}}}</json>
         <dateCreated class="java.sql.Timestamp">2017-03-08 01:02:17.0 GMT</dateCreated>
         <dateModified class="java.sql.Timestamp">2017-07-12 05:32:06.0 GMT</dateModified>
      </userviewDefinition>
   </userviewDefinitionList>
   <datalistDefinitionList>
      <datalistDefinition>
         <id>crm_account_list</id>
         <appId>crm</appId>
         <appVersion>1</appVersion>
         <name>Account Listing</name>
         <description></description>
         <json>{&quot;id&quot;:&quot;crm_account_list&quot;,&quot;name&quot;:&quot;Account Listing&quot;,&quot;pageSize&quot;:&quot;10&quot;,&quot;order&quot;:&quot;1&quot;,&quot;orderBy&quot;:&quot;dateCreated&quot;,&quot;showPageSizeSelector&quot;:&quot;true&quot;,&quot;pageSizeSelectorOptions&quot;:&quot;10,20,30,40,50,100&quot;,&quot;buttonPosition&quot;:&quot;bottomLeft&quot;,&quot;checkboxPosition&quot;:&quot;left&quot;,&quot;useSession&quot;:&quot;&quot;,&quot;hidePageSize&quot;:&quot;&quot;,&quot;description&quot;:&quot;&quot;,&quot;showDataWhenFilterSet&quot;:&quot;&quot;,&quot;rowActions&quot;:[{&quot;id&quot;:&quot;rowAction_0&quot;,&quot;className&quot;:&quot;org.joget.apps.datalist.lib.HyperlinkDataListAction&quot;,&quot;type&quot;:&quot;text&quot;,&quot;properties&quot;:{&quot;href&quot;:&quot;contact_list&quot;,&quot;target&quot;:&quot;_self&quot;,&quot;hrefParam&quot;:&quot;d-6304176-fn_account&quot;,&quot;hrefColumn&quot;:&quot;id&quot;,&quot;label&quot;:&quot;Contacts&quot;,&quot;confirmation&quot;:&quot;&quot;,&quot;visible&quot;:&quot;&quot;},&quot;name&quot;:&quot;Data List Hyperlink&quot;,&quot;label&quot;:&quot;Hyperlink&quot;},{&quot;id&quot;:&quot;rowAction_1&quot;,&quot;className&quot;:&quot;org.joget.apps.datalist.lib.HyperlinkDataListAction&quot;,&quot;type&quot;:&quot;text&quot;,&quot;properties&quot;:{&quot;href&quot;:&quot;contact_new&quot;,&quot;target&quot;:&quot;_self&quot;,&quot;hrefParam&quot;:&quot;fk_account&quot;,&quot;hrefColumn&quot;:&quot;id&quot;,&quot;label&quot;:&quot;New Contact&quot;,&quot;confirmation&quot;:&quot;&quot;},&quot;name&quot;:&quot;Data List Hyperlink&quot;,&quot;label&quot;:&quot;Hyperlink&quot;}],&quot;actions&quot;:[{&quot;name&quot;:&quot;Data List Hyperlink Action&quot;,&quot;className&quot;:&quot;org.joget.apps.datalist.lib.HyperlinkDataListAction&quot;,&quot;label&quot;:&quot;Hyperlink&quot;,&quot;type&quot;:&quot;text&quot;,&quot;id&quot;:&quot;action_1&quot;,&quot;properties&quot;:{&quot;href&quot;:&quot;account_new&quot;,&quot;target&quot;:&quot;_self&quot;,&quot;label&quot;:&quot;Add&quot;,&quot;confirmation&quot;:&quot;&quot;,&quot;visible&quot;:&quot;true&quot;,&quot;datalist_type&quot;:&quot;action&quot;}},{&quot;id&quot;:&quot;action_0&quot;,&quot;className&quot;:&quot;org.joget.apps.datalist.lib.FormRowDeleteDataListAction&quot;,&quot;type&quot;:&quot;text&quot;,&quot;properties&quot;:{&quot;label&quot;:&quot;Delete&quot;,&quot;formDefId&quot;:&quot;crm_account&quot;,&quot;confirmation&quot;:&quot;Are you sure?&quot;,&quot;deleteGridData&quot;:&quot;&quot;,&quot;deleteSubformData&quot;:&quot;&quot;,&quot;abortRelatedRunningProcesses&quot;:&quot;&quot;,&quot;datalist_type&quot;:&quot;action&quot;},&quot;name&quot;:&quot;Form Row Delete&quot;,&quot;label&quot;:&quot;Delete Row&quot;}],&quot;filters&quot;:[{&quot;id&quot;:&quot;filter_1&quot;,&quot;name&quot;:&quot;id&quot;,&quot;label&quot;:&quot;ID&quot;},{&quot;id&quot;:&quot;filter_0&quot;,&quot;label&quot;:&quot;Account Name&quot;,&quot;name&quot;:&quot;accountName&quot;},{&quot;id&quot;:&quot;filter_2&quot;,&quot;name&quot;:&quot;country&quot;,&quot;label&quot;:&quot;Country&quot;},{&quot;id&quot;:&quot;filter_3&quot;,&quot;name&quot;:&quot;state&quot;,&quot;label&quot;:&quot;State&quot;}],&quot;binder&quot;:{&quot;name&quot;:&quot;&quot;,&quot;className&quot;:&quot;org.joget.apps.datalist.lib.FormRowDataListBinder&quot;,&quot;properties&quot;:{&quot;formDefId&quot;:&quot;crm_account&quot;}},&quot;columns&quot;:[{&quot;id&quot;:&quot;column_0&quot;,&quot;name&quot;:&quot;id&quot;,&quot;label&quot;:&quot;ID&quot;,&quot;sortable&quot;:&quot;true&quot;,&quot;action&quot;:{&quot;className&quot;:&quot;org.joget.apps.datalist.lib.HyperlinkDataListAction&quot;,&quot;properties&quot;:{&quot;href&quot;:&quot;account_new&quot;,&quot;target&quot;:&quot;_self&quot;,&quot;hrefParam&quot;:&quot;id&quot;,&quot;hrefColumn&quot;:&quot;id&quot;,&quot;label&quot;:&quot;ID&quot;,&quot;confirmation&quot;:&quot;&quot;}},&quot;format&quot;:{&quot;className&quot;:&quot;&quot;,&quot;properties&quot;:{}}},{&quot;id&quot;:&quot;column_1&quot;,&quot;name&quot;:&quot;accountName&quot;,&quot;label&quot;:&quot;Account Name&quot;,&quot;sortable&quot;:&quot;true&quot;,&quot;filterable&quot;:&quot;true&quot;,&quot;action&quot;:&quot;&quot;,&quot;formats&quot;:&quot;;&quot;},{&quot;id&quot;:&quot;column_5&quot;,&quot;name&quot;:&quot;country&quot;,&quot;label&quot;:&quot;Country&quot;,&quot;sortable&quot;:&quot;true&quot;,&quot;filterable&quot;:&quot;true&quot;,&quot;action&quot;:&quot;&quot;,&quot;formats&quot;:&quot;;&quot;},{&quot;id&quot;:&quot;column_4&quot;,&quot;name&quot;:&quot;state&quot;,&quot;label&quot;:&quot;State&quot;,&quot;sortable&quot;:&quot;true&quot;,&quot;filterable&quot;:&quot;true&quot;,&quot;action&quot;:&quot;&quot;,&quot;formats&quot;:&quot;;&quot;}]}</json>
         <dateCreated class="java.sql.Timestamp">2017-03-08 01:02:17.0 GMT</dateCreated>
         <dateModified class="java.sql.Timestamp">2017-07-11 07:03:43.0 GMT</dateModified>
      </datalistDefinition>
      <datalistDefinition>
         <id>crm_contact_list</id>
         <appId>crm</appId>
         <appVersion>1</appVersion>
         <name>Contact List</name>
         <description></description>
         <json>{&quot;id&quot;:&quot;crm_contact_list&quot;,&quot;name&quot;:&quot;Contact List&quot;,&quot;pageSize&quot;:&quot;10&quot;,&quot;order&quot;:&quot;1&quot;,&quot;orderBy&quot;:&quot;dateCreated&quot;,&quot;showPageSizeSelector&quot;:&quot;true&quot;,&quot;pageSizeSelectorOptions&quot;:&quot;10,20,30,40,50,100&quot;,&quot;buttonPosition&quot;:&quot;bottomLeft&quot;,&quot;checkboxPosition&quot;:&quot;left&quot;,&quot;useSession&quot;:&quot;&quot;,&quot;hidePageSize&quot;:&quot;&quot;,&quot;description&quot;:&quot;&quot;,&quot;showDataWhenFilterSet&quot;:&quot;&quot;,&quot;rowActions&quot;:[{&quot;id&quot;:&quot;rowAction_0&quot;,&quot;className&quot;:&quot;org.joget.apps.datalist.lib.HyperlinkDataListAction&quot;,&quot;type&quot;:&quot;text&quot;,&quot;properties&quot;:{&quot;href&quot;:&quot;contact_new&quot;,&quot;target&quot;:&quot;_self&quot;,&quot;hrefParam&quot;:&quot;id&quot;,&quot;hrefColumn&quot;:&quot;id&quot;,&quot;label&quot;:&quot;Edit&quot;,&quot;confirmation&quot;:&quot;&quot;},&quot;name&quot;:&quot;Data List Hyperlink&quot;,&quot;label&quot;:&quot;Hyperlink&quot;}],&quot;actions&quot;:[{&quot;name&quot;:&quot;Data List Hyperlink Action&quot;,&quot;className&quot;:&quot;org.joget.apps.datalist.lib.HyperlinkDataListAction&quot;,&quot;label&quot;:&quot;Hyperlink&quot;,&quot;type&quot;:&quot;text&quot;,&quot;id&quot;:&quot;action_1&quot;,&quot;properties&quot;:{&quot;href&quot;:&quot;contact_new&quot;,&quot;target&quot;:&quot;_self&quot;,&quot;label&quot;:&quot;Add&quot;,&quot;confirmation&quot;:&quot;&quot;,&quot;visible&quot;:&quot;true&quot;,&quot;datalist_type&quot;:&quot;action&quot;}},{&quot;id&quot;:&quot;action_0&quot;,&quot;className&quot;:&quot;org.joget.apps.datalist.lib.FormRowDeleteDataListAction&quot;,&quot;type&quot;:&quot;text&quot;,&quot;properties&quot;:{&quot;label&quot;:&quot;Delete&quot;,&quot;formDefId&quot;:&quot;crm_contact&quot;,&quot;confirmation&quot;:&quot;Are you sure?&quot;,&quot;deleteGridData&quot;:&quot;&quot;,&quot;deleteSubformData&quot;:&quot;&quot;,&quot;abortRelatedRunningProcesses&quot;:&quot;&quot;,&quot;datalist_type&quot;:&quot;action&quot;},&quot;name&quot;:&quot;Form Row Delete&quot;,&quot;label&quot;:&quot;Delete Row&quot;}],&quot;filters&quot;:[{&quot;id&quot;:&quot;filter_2&quot;,&quot;name&quot;:&quot;account&quot;,&quot;filterParamName&quot;:&quot;d-6304176-fn_account&quot;,&quot;label&quot;:&quot;Account&quot;,&quot;type&quot;:{&quot;className&quot;:&quot;org.joget.plugin.enterprise.SelectBoxDataListFilterType&quot;,&quot;properties&quot;:{&quot;multiple&quot;:&quot;autocomplete&quot;,&quot;size&quot;:&quot;&quot;,&quot;defaultValue&quot;:&quot;&quot;,&quot;options&quot;:[],&quot;optionsBinder&quot;:{&quot;className&quot;:&quot;org.joget.apps.form.lib.FormOptionsBinder&quot;,&quot;properties&quot;:{&quot;formDefId&quot;:&quot;crm_account&quot;,&quot;idColumn&quot;:&quot;&quot;,&quot;labelColumn&quot;:&quot;accountName&quot;,&quot;groupingColumn&quot;:&quot;&quot;,&quot;extraCondition&quot;:&quot;&quot;,&quot;addEmptyOption&quot;:&quot;&quot;,&quot;emptyLabel&quot;:&quot;&quot;,&quot;useAjax&quot;:&quot;&quot;}}}}},{&quot;id&quot;:&quot;filter_0&quot;,&quot;name&quot;:&quot;fullName&quot;,&quot;label&quot;:&quot;First Name&quot;,&quot;type&quot;:{&quot;className&quot;:&quot;org.joget.apps.datalist.lib.TextFieldDataListFilterType&quot;,&quot;properties&quot;:{&quot;defaultValue&quot;:&quot;&quot;}}},{&quot;id&quot;:&quot;filter_1&quot;,&quot;label&quot;:&quot;Last Name&quot;,&quot;name&quot;:&quot;lastName&quot;},{&quot;id&quot;:&quot;filter_3&quot;,&quot;name&quot;:&quot;address&quot;,&quot;label&quot;:&quot;Address&quot;}],&quot;binder&quot;:{&quot;name&quot;:&quot;&quot;,&quot;className&quot;:&quot;org.joget.apps.datalist.lib.FormRowDataListBinder&quot;,&quot;properties&quot;:{&quot;formDefId&quot;:&quot;crm_contact&quot;}},&quot;columns&quot;:[{&quot;id&quot;:&quot;column_2&quot;,&quot;name&quot;:&quot;account&quot;,&quot;label&quot;:&quot;Account&quot;,&quot;sortable&quot;:&quot;true&quot;,&quot;action&quot;:{&quot;className&quot;:&quot;org.joget.apps.datalist.lib.HyperlinkDataListAction&quot;,&quot;properties&quot;:{&quot;href&quot;:&quot;account_new&quot;,&quot;target&quot;:&quot;_self&quot;,&quot;hrefParam&quot;:&quot;id&quot;,&quot;hrefColumn&quot;:&quot;account&quot;,&quot;label&quot;:&quot;Account&quot;,&quot;confirmation&quot;:&quot;&quot;,&quot;visible&quot;:&quot;&quot;}},&quot;format&quot;:{&quot;className&quot;:&quot;org.joget.plugin.enterprise.OptionsValueFormatter&quot;,&quot;properties&quot;:{&quot;options&quot;:[],&quot;optionsBinder&quot;:{&quot;className&quot;:&quot;org.joget.apps.form.lib.FormOptionsBinder&quot;,&quot;properties&quot;:{&quot;formDefId&quot;:&quot;crm_account&quot;,&quot;idColumn&quot;:&quot;&quot;,&quot;labelColumn&quot;:&quot;accountName&quot;,&quot;groupingColumn&quot;:&quot;&quot;,&quot;extraCondition&quot;:&quot;&quot;,&quot;addEmptyOption&quot;:&quot;&quot;,&quot;emptyLabel&quot;:&quot;&quot;,&quot;useAjax&quot;:&quot;&quot;}}}}},{&quot;id&quot;:&quot;column_0&quot;,&quot;name&quot;:&quot;fullName&quot;,&quot;label&quot;:&quot;First Name&quot;,&quot;sortable&quot;:&quot;true&quot;,&quot;action&quot;:{&quot;className&quot;:&quot;org.joget.apps.datalist.lib.HyperlinkDataListAction&quot;,&quot;properties&quot;:{&quot;href&quot;:&quot;contact_new&quot;,&quot;target&quot;:&quot;_self&quot;,&quot;hrefParam&quot;:&quot;id&quot;,&quot;hrefColumn&quot;:&quot;id&quot;,&quot;label&quot;:&quot;Full Name&quot;,&quot;confirmation&quot;:&quot;&quot;,&quot;visible&quot;:&quot;&quot;}},&quot;format&quot;:{&quot;className&quot;:&quot;&quot;,&quot;properties&quot;:{}}},{&quot;id&quot;:&quot;column_4&quot;,&quot;name&quot;:&quot;lastName&quot;,&quot;label&quot;:&quot;Last Name&quot;,&quot;sortable&quot;:&quot;true&quot;,&quot;filterable&quot;:&quot;true&quot;,&quot;action&quot;:&quot;&quot;,&quot;formats&quot;:&quot;;&quot;},{&quot;id&quot;:&quot;column_1&quot;,&quot;label&quot;:&quot;Address&quot;,&quot;displayLabel&quot;:&quot;Address&quot;,&quot;name&quot;:&quot;address&quot;}]}</json>
         <dateCreated class="java.sql.Timestamp">2017-03-08 01:02:17.0 GMT</dateCreated>
         <dateModified class="java.sql.Timestamp">2017-07-11 06:56:56.0 GMT</dateModified>
      </datalistDefinition>
      <datalistDefinition>
         <id>crm_opportunity_list</id>
         <appId>crm</appId>
         <appVersion>1</appVersion>
         <name>Opportunity List</name>
         <description></description>
         <json>{&quot;id&quot;:&quot;crm_opportunity_list&quot;,&quot;name&quot;:&quot;Opportunity List&quot;,&quot;pageSize&quot;:&quot;10&quot;,&quot;order&quot;:&quot;1&quot;,&quot;orderBy&quot;:&quot;dateCreated&quot;,&quot;showPageSizeSelector&quot;:&quot;true&quot;,&quot;pageSizeSelectorOptions&quot;:&quot;10,20,30,40,50,100&quot;,&quot;buttonPosition&quot;:&quot;bottomLeft&quot;,&quot;checkboxPosition&quot;:&quot;left&quot;,&quot;useSession&quot;:&quot;&quot;,&quot;hidePageSize&quot;:&quot;&quot;,&quot;description&quot;:&quot;&quot;,&quot;showDataWhenFilterSet&quot;:&quot;&quot;,&quot;rowActions&quot;:[],&quot;actions&quot;:[{&quot;name&quot;:&quot;Data List Hyperlink Action&quot;,&quot;className&quot;:&quot;org.joget.apps.datalist.lib.HyperlinkDataListAction&quot;,&quot;label&quot;:&quot;Hyperlink&quot;,&quot;type&quot;:&quot;text&quot;,&quot;id&quot;:&quot;action_1&quot;,&quot;properties&quot;:{&quot;href&quot;:&quot;opportunity_new&quot;,&quot;target&quot;:&quot;_self&quot;,&quot;label&quot;:&quot;Add&quot;,&quot;confirmation&quot;:&quot;&quot;,&quot;visible&quot;:&quot;true&quot;,&quot;datalist_type&quot;:&quot;action&quot;}},{&quot;id&quot;:&quot;action_0&quot;,&quot;className&quot;:&quot;org.joget.apps.datalist.lib.FormRowDeleteDataListAction&quot;,&quot;type&quot;:&quot;text&quot;,&quot;properties&quot;:{&quot;label&quot;:&quot;Delete&quot;,&quot;formDefId&quot;:&quot;crm_opportunity&quot;,&quot;confirmation&quot;:&quot;Are you sure?&quot;,&quot;deleteGridData&quot;:&quot;&quot;,&quot;deleteSubformData&quot;:&quot;&quot;,&quot;abortRelatedRunningProcesses&quot;:&quot;&quot;,&quot;datalist_type&quot;:&quot;action&quot;},&quot;name&quot;:&quot;Form Row Delete&quot;,&quot;label&quot;:&quot;Delete Row&quot;}],&quot;filters&quot;:[{&quot;id&quot;:&quot;filter_0&quot;,&quot;label&quot;:&quot;Title&quot;,&quot;name&quot;:&quot;title&quot;},{&quot;id&quot;:&quot;filter_1&quot;,&quot;name&quot;:&quot;account&quot;,&quot;label&quot;:&quot;Account&quot;,&quot;type&quot;:{&quot;className&quot;:&quot;org.joget.plugin.enterprise.SelectBoxDataListFilterType&quot;,&quot;properties&quot;:{&quot;multiple&quot;:&quot;textfield&quot;,&quot;size&quot;:&quot;&quot;,&quot;defaultValue&quot;:&quot;&quot;,&quot;options&quot;:[],&quot;optionsBinder&quot;:{&quot;className&quot;:&quot;org.joget.apps.form.lib.FormOptionsBinder&quot;,&quot;properties&quot;:{&quot;formDefId&quot;:&quot;crm_account&quot;,&quot;idColumn&quot;:&quot;&quot;,&quot;labelColumn&quot;:&quot;accountName&quot;,&quot;groupingColumn&quot;:&quot;&quot;,&quot;extraCondition&quot;:&quot;&quot;,&quot;addEmptyOption&quot;:&quot;&quot;,&quot;emptyLabel&quot;:&quot;&quot;,&quot;useAjax&quot;:&quot;&quot;}}}}},{&quot;id&quot;:&quot;filter_2&quot;,&quot;name&quot;:&quot;stage&quot;,&quot;label&quot;:&quot;Stage&quot;}],&quot;binder&quot;:{&quot;name&quot;:&quot;&quot;,&quot;className&quot;:&quot;org.joget.apps.datalist.lib.FormRowDataListBinder&quot;,&quot;properties&quot;:{&quot;formDefId&quot;:&quot;crm_opportunity&quot;}},&quot;columns&quot;:[{&quot;id&quot;:&quot;column_0&quot;,&quot;name&quot;:&quot;title&quot;,&quot;label&quot;:&quot;Title&quot;,&quot;sortable&quot;:&quot;true&quot;,&quot;action&quot;:{&quot;className&quot;:&quot;org.joget.apps.datalist.lib.HyperlinkDataListAction&quot;,&quot;properties&quot;:{&quot;href&quot;:&quot;opportunity_new&quot;,&quot;target&quot;:&quot;_self&quot;,&quot;hrefParam&quot;:&quot;id&quot;,&quot;hrefColumn&quot;:&quot;id&quot;,&quot;label&quot;:&quot;Title&quot;,&quot;confirmation&quot;:&quot;&quot;}},&quot;format&quot;:{&quot;className&quot;:&quot;&quot;,&quot;properties&quot;:{}}},{&quot;id&quot;:&quot;column_4&quot;,&quot;name&quot;:&quot;account&quot;,&quot;label&quot;:&quot;Account&quot;,&quot;sortable&quot;:&quot;true&quot;,&quot;action&quot;:{&quot;className&quot;:&quot;org.joget.apps.datalist.lib.HyperlinkDataListAction&quot;,&quot;properties&quot;:{&quot;href&quot;:&quot;account_new&quot;,&quot;target&quot;:&quot;_self&quot;,&quot;hrefParam&quot;:&quot;id&quot;,&quot;hrefColumn&quot;:&quot;account&quot;,&quot;label&quot;:&quot;Account&quot;,&quot;confirmation&quot;:&quot;&quot;,&quot;visible&quot;:&quot;&quot;}},&quot;format&quot;:{&quot;className&quot;:&quot;org.joget.plugin.enterprise.OptionsValueFormatter&quot;,&quot;properties&quot;:{&quot;options&quot;:[],&quot;optionsBinder&quot;:{&quot;className&quot;:&quot;org.joget.apps.form.lib.FormOptionsBinder&quot;,&quot;properties&quot;:{&quot;formDefId&quot;:&quot;crm_account&quot;,&quot;idColumn&quot;:&quot;&quot;,&quot;labelColumn&quot;:&quot;accountName&quot;,&quot;groupingColumn&quot;:&quot;&quot;,&quot;extraCondition&quot;:&quot;&quot;,&quot;addEmptyOption&quot;:&quot;&quot;,&quot;emptyLabel&quot;:&quot;&quot;,&quot;useAjax&quot;:&quot;&quot;}}}}},{&quot;id&quot;:&quot;column_2&quot;,&quot;name&quot;:&quot;amount&quot;,&quot;label&quot;:&quot;Amount&quot;,&quot;sortable&quot;:&quot;true&quot;,&quot;filterable&quot;:&quot;true&quot;,&quot;action&quot;:&quot;&quot;,&quot;formats&quot;:&quot;;&quot;},{&quot;id&quot;:&quot;column_3&quot;,&quot;name&quot;:&quot;stage&quot;,&quot;label&quot;:&quot;Stage&quot;,&quot;sortable&quot;:&quot;true&quot;,&quot;filterable&quot;:&quot;true&quot;,&quot;action&quot;:&quot;&quot;,&quot;formats&quot;:&quot;;&quot;},{&quot;id&quot;:&quot;column_5&quot;,&quot;label&quot;:&quot;Source&quot;,&quot;displayLabel&quot;:&quot;Source&quot;,&quot;name&quot;:&quot;source&quot;},{&quot;id&quot;:&quot;column_1&quot;,&quot;name&quot;:&quot;dateModified&quot;,&quot;label&quot;:&quot;Date Modified&quot;,&quot;sortable&quot;:&quot;true&quot;,&quot;filterable&quot;:&quot;true&quot;,&quot;action&quot;:&quot;&quot;,&quot;formats&quot;:&quot;;&quot;}]}</json>
         <dateCreated class="java.sql.Timestamp">2017-03-08 01:02:17.0 GMT</dateCreated>
         <dateModified class="java.sql.Timestamp">2017-07-12 04:56:34.0 GMT</dateModified>
      </datalistDefinition>
      <datalistDefinition>
         <id>Proposal</id>
         <appId>crm</appId>
         <appVersion>1</appVersion>
         <name>Proposals List</name>
         <description></description>
         <json>{&quot;id&quot;:&quot;Proposal&quot;,&quot;name&quot;:&quot;Proposals List&quot;,&quot;pageSize&quot;:&quot;10&quot;,&quot;order&quot;:&quot;1&quot;,&quot;orderBy&quot;:&quot;dateCreated&quot;,&quot;showPageSizeSelector&quot;:&quot;true&quot;,&quot;pageSizeSelectorOptions&quot;:&quot;10,20,30,40,50,100&quot;,&quot;buttonPosition&quot;:&quot;bottomLeft&quot;,&quot;checkboxPosition&quot;:&quot;left&quot;,&quot;useSession&quot;:&quot;&quot;,&quot;hidePageSize&quot;:&quot;&quot;,&quot;description&quot;:&quot;&quot;,&quot;showDataWhenFilterSet&quot;:&quot;&quot;,&quot;rowActions&quot;:[],&quot;actions&quot;:[{&quot;name&quot;:&quot;Data List Hyperlink Action&quot;,&quot;className&quot;:&quot;org.joget.apps.datalist.lib.HyperlinkDataListAction&quot;,&quot;label&quot;:&quot;Hyperlink&quot;,&quot;type&quot;:&quot;text&quot;,&quot;id&quot;:&quot;action_1&quot;,&quot;properties&quot;:{&quot;href&quot;:&quot;proposal_process&quot;,&quot;target&quot;:&quot;_self&quot;,&quot;label&quot;:&quot;New Proposal Process&quot;,&quot;confirmation&quot;:&quot;&quot;,&quot;visible&quot;:&quot;true&quot;,&quot;datalist_type&quot;:&quot;action&quot;}},{&quot;name&quot;:&quot;Form Row Delete Action&quot;,&quot;className&quot;:&quot;org.joget.apps.datalist.lib.FormRowDeleteDataListAction&quot;,&quot;label&quot;:&quot;Delete&quot;,&quot;type&quot;:&quot;text&quot;,&quot;id&quot;:&quot;action_0&quot;,&quot;properties&quot;:{&quot;label&quot;:&quot;Delete&quot;,&quot;formDefId&quot;:&quot;crm_proposal_form&quot;,&quot;confirmation&quot;:&quot;Are you sure?&quot;,&quot;deleteGridData&quot;:&quot;true&quot;,&quot;deleteSubformData&quot;:&quot;true&quot;,&quot;abortRelatedRunningProcesses&quot;:&quot;true&quot;,&quot;datalist_type&quot;:&quot;action&quot;}}],&quot;filters&quot;:[{&quot;id&quot;:&quot;filter_2&quot;,&quot;datalist_type&quot;:&quot;filter&quot;,&quot;name&quot;:&quot;refNo&quot;,&quot;filterParamName&quot;:&quot;d-3959580-fn_refNo&quot;,&quot;label&quot;:&quot;Ref No.&quot;,&quot;type&quot;:{&quot;className&quot;:&quot;org.joget.apps.datalist.lib.TextFieldDataListFilterType&quot;,&quot;properties&quot;:{&quot;defaultValue&quot;:&quot;&quot;}}},{&quot;id&quot;:&quot;filter_1&quot;,&quot;name&quot;:&quot;account&quot;,&quot;label&quot;:&quot;Account&quot;},{&quot;id&quot;:&quot;filter_0&quot;,&quot;name&quot;:&quot;title&quot;,&quot;label&quot;:&quot;Title&quot;}],&quot;binder&quot;:{&quot;className&quot;:&quot;org.joget.apps.datalist.lib.FormRowDataListBinder&quot;,&quot;properties&quot;:{&quot;formDefId&quot;:&quot;crm_proposal_approval_form&quot;,&quot;extraCondition&quot;:&quot;&quot;}},&quot;columns&quot;:[{&quot;id&quot;:&quot;column_0&quot;,&quot;datalist_type&quot;:&quot;column&quot;,&quot;name&quot;:&quot;refNo&quot;,&quot;label&quot;:&quot;Ref No.&quot;,&quot;sortable&quot;:&quot;true&quot;,&quot;hidden&quot;:&quot;false&quot;,&quot;exclude_export&quot;:&quot;&quot;,&quot;width&quot;:&quot;&quot;,&quot;style&quot;:&quot;&quot;,&quot;alignment&quot;:&quot;&quot;,&quot;headerAlignment&quot;:&quot;&quot;,&quot;action&quot;:{&quot;className&quot;:&quot;&quot;,&quot;properties&quot;:{}},&quot;format&quot;:{&quot;className&quot;:&quot;&quot;,&quot;properties&quot;:{}}},{&quot;id&quot;:&quot;column_1&quot;,&quot;label&quot;:&quot;Account&quot;,&quot;displayLabel&quot;:&quot;Account&quot;,&quot;name&quot;:&quot;account&quot;},{&quot;id&quot;:&quot;column_2&quot;,&quot;datalist_type&quot;:&quot;column&quot;,&quot;name&quot;:&quot;title&quot;,&quot;label&quot;:&quot;Title&quot;,&quot;sortable&quot;:&quot;false&quot;,&quot;hidden&quot;:&quot;false&quot;,&quot;exclude_export&quot;:&quot;&quot;,&quot;width&quot;:&quot;&quot;,&quot;style&quot;:&quot;&quot;,&quot;alignment&quot;:&quot;&quot;,&quot;headerAlignment&quot;:&quot;&quot;,&quot;action&quot;:{&quot;className&quot;:&quot;org.joget.apps.datalist.lib.HyperlinkDataListAction&quot;,&quot;properties&quot;:{&quot;href&quot;:&quot;proposal_form_&quot;,&quot;target&quot;:&quot;_self&quot;,&quot;hrefParam&quot;:&quot;id&quot;,&quot;hrefColumn&quot;:&quot;id&quot;,&quot;label&quot;:&quot;&quot;,&quot;confirmation&quot;:&quot;&quot;}},&quot;format&quot;:{&quot;className&quot;:&quot;&quot;,&quot;properties&quot;:{}}},{&quot;id&quot;:&quot;column_3&quot;,&quot;label&quot;:&quot;Description&quot;,&quot;displayLabel&quot;:&quot;Description&quot;,&quot;name&quot;:&quot;description&quot;},{&quot;id&quot;:&quot;column_4&quot;,&quot;datalist_type&quot;:&quot;column&quot;,&quot;name&quot;:&quot;status&quot;,&quot;label&quot;:&quot;Status&quot;,&quot;sortable&quot;:&quot;false&quot;,&quot;hidden&quot;:&quot;false&quot;,&quot;exclude_export&quot;:&quot;&quot;,&quot;width&quot;:&quot;&quot;,&quot;style&quot;:&quot;&quot;,&quot;alignment&quot;:&quot;&quot;,&quot;headerAlignment&quot;:&quot;&quot;,&quot;action&quot;:{&quot;className&quot;:&quot;&quot;,&quot;properties&quot;:{}},&quot;format&quot;:{&quot;className&quot;:&quot;org.joget.apps.datalist.lib.DefaultFormatter&quot;,&quot;properties&quot;:{&quot;formatting&quot;:&quot;b&quot;,&quot;size&quot;:&quot;&quot;,&quot;color&quot;:&quot;&quot;,&quot;formDefId&quot;:&quot;&quot;,&quot;field&quot;:&quot;&quot;}}},{&quot;id&quot;:&quot;column_5&quot;,&quot;label&quot;:&quot;Date Created&quot;,&quot;displayLabel&quot;:&quot;Date Created&quot;,&quot;name&quot;:&quot;dateCreated&quot;}]}</json>
         <dateCreated class="java.sql.Timestamp">2017-03-08 01:02:17.0 GMT</dateCreated>
         <dateModified class="java.sql.Timestamp">2017-07-12 05:32:50.0 GMT</dateModified>
      </datalistDefinition>
   </datalistDefinitionList>
   <pluginDefaultPropertiesList/>
   <environmentVariableList>
      <environmentVariable>
         <id>AppName</id>
         <appId>crm</appId>
         <appVersion>1</appVersion>
         <value>Customer Relationship Management</value>
      </environmentVariable>
      <environmentVariable>
         <id>refNo</id>
         <appId>crm</appId>
         <appVersion>1</appVersion>
         <value></value>
         <remarks></remarks>
      </environmentVariable>
   </environmentVariableList>
   <messageList/>   <license>Vfe6Df5AdlrGEPqFYgTt8XuGJ4XiTt2NnBLEovw3qoQ=</license>
</appDefinition>