<appDefinition>
   <id>appcenter</id>
   <version>6</version>
   <name>App Center</name>
   <dateCreated class="java.sql.Timestamp">2020-02-10 15:51:06.0 MYT</dateCreated>
   <dateModified class="java.sql.Timestamp">2020-02-10 15:51:15.0 MYT</dateModified>
   <packageDefinitionList/>
  <formDefinitionList>
      <formDefinition>
         <id>landing</id>
         <appId>appcenter</appId>
         <appVersion>6</appVersion>
         <name>Published Apps</name>
         <tableName>appcenter</tableName>
         <json>{&quot;className&quot;:&quot;org.joget.apps.form.model.Form&quot;,&quot;properties&quot;:{&quot;noPermissionMessage&quot;:&quot;&quot;,&quot;loadBinder&quot;:{&quot;className&quot;:&quot;org.joget.apps.form.lib.WorkflowFormBinder&quot;,&quot;properties&quot;:{}},&quot;name&quot;:&quot;Published Apps&quot;,&quot;description&quot;:&quot;&quot;,&quot;postProcessorRunOn&quot;:&quot;both&quot;,&quot;permission&quot;:{&quot;className&quot;:&quot;&quot;,&quot;properties&quot;:{}},&quot;id&quot;:&quot;landing&quot;,&quot;postProcessor&quot;:{&quot;className&quot;:&quot;&quot;,&quot;properties&quot;:{}},&quot;storeBinder&quot;:{&quot;className&quot;:&quot;org.joget.apps.form.lib.WorkflowFormBinder&quot;,&quot;properties&quot;:{}},&quot;tableName&quot;:&quot;appcenter&quot;},&quot;elements&quot;:[{&quot;elements&quot;:[{&quot;elements&quot;:[{&quot;className&quot;:&quot;org.joget.apps.form.lib.CustomHTML&quot;,&quot;properties&quot;:{&quot;autoPopulate&quot;:&quot;&quot;,&quot;id&quot;:&quot;admin_div&quot;,&quot;label&quot;:&quot;&quot;,&quot;value&quot;:&quot;&lt;style&gt;\n#appcenter_admin {\n    position: absolute;\n    top: -40px;\n    text-align: center;\n    display: block;\n    margin: auto;\n    width: 100%;\n}\n#appcenter_admin a {\n    background: white;\n    border: solid 1px #ddd;\n    cursor: pointer;\n    text-decoration: none;\n    color: #555;\n    margin-right: 5px;\n    padding: 10px;\n    box-shadow: 0 1px 1.5px 1px rgba(0,0,0,.12);\n    border-radius: 4px;\n    font-size: 14px;\n    font-weight: 400;\n    line-height: 1.42857143;\n    display: inline-block;\n}\n@media (max-width:540px) {\n    #appcenter_admin {\n        display: none;\n    }\n}\n&lt;\/style&gt;\n&lt;div id=\&quot;appcenter_admin\&quot;&gt;\n    &lt;a href=\&quot;#\&quot; onclick=\&quot;appCreate();return false\&quot;&gt;#i18n.Design New App#&lt;\/a&gt;\n    &lt;a href=\&quot;#\&quot; onclick=\&quot;appImport();return false\&quot;&gt;#i18n.Import App#&lt;\/a&gt;\n    &lt;a href=\&quot;#\&quot; onclick=&apos;AdminBar.showQuickOverlay(\&quot;#request.contextPath#\/web\/desktop\/marketplace\/app?url=\&quot; + encodeURIComponent(\&quot;https:\/\/marketplace.joget.org\&quot;));return false&apos;&gt;#i18n.Download from Marketplace#&lt;\/a&gt;\n&lt;\/div&gt;&quot;}}],&quot;className&quot;:&quot;org.joget.apps.form.model.Column&quot;,&quot;properties&quot;:{&quot;width&quot;:&quot;100%&quot;}}],&quot;className&quot;:&quot;org.joget.apps.form.model.Section&quot;,&quot;properties&quot;:{&quot;readonly&quot;:&quot;&quot;,&quot;loadBinder&quot;:{&quot;className&quot;:&quot;&quot;,&quot;properties&quot;:{}},&quot;permissionReadonly&quot;:&quot;&quot;,&quot;permission&quot;:{&quot;className&quot;:&quot;org.joget.apps.userview.lib.BeanShellPermission&quot;,&quot;properties&quot;:{&quot;script&quot;:&quot;import org.joget.workflow.util.WorkflowUtil;\nreturn !WorkflowUtil.isCurrentUserAnonymous() &amp;&amp; WorkflowUtil.isCurrentUserInRole(WorkflowUtil.ROLE_ADMIN);\n&quot;}},&quot;comment&quot;:&quot;Display admin buttons&quot;,&quot;id&quot;:&quot;admin_section&quot;,&quot;label&quot;:&quot;&quot;,&quot;storeBinder&quot;:{&quot;className&quot;:&quot;&quot;,&quot;properties&quot;:{}},&quot;readonlyLabel&quot;:&quot;&quot;}},{&quot;elements&quot;:[{&quot;elements&quot;:[{&quot;className&quot;:&quot;org.joget.apps.form.lib.CustomHTML&quot;,&quot;properties&quot;:{&quot;autoPopulate&quot;:&quot;&quot;,&quot;id&quot;:&quot;published_apps&quot;,&quot;label&quot;:&quot;&quot;,&quot;value&quot;:&quot;&lt;div id=\&quot;main-action-help\&quot;&gt;&lt;i class=\&quot;fa fa-info-circle\&quot;&gt;&lt;\/i&gt;&lt;\/div&gt;\n&lt;div id=\&quot;search\&quot;&gt;&lt;\/div&gt;\n&lt;ul id=\&quot;apps\&quot;&gt;&lt;\/ul&gt;\n&lt;p&gt;\n&lt;script src=\&quot;#request.contextPath#\/js\/appCenter7.js\&quot;&gt;&lt;\/script&gt;\n&lt;script&gt;\nAppCenter.searchFilter($(\&quot;#search\&quot;), $(\&quot;#apps\&quot;)); \nAppCenter.loadPublishedApps(\&quot;#apps\&quot;);\n&lt;\/script&gt;\n&lt;\/p&gt;&quot;}}],&quot;className&quot;:&quot;org.joget.apps.form.model.Column&quot;,&quot;properties&quot;:{&quot;width&quot;:&quot;100%&quot;}}],&quot;className&quot;:&quot;org.joget.apps.form.model.Section&quot;,&quot;properties&quot;:{&quot;readonly&quot;:&quot;&quot;,&quot;loadBinder&quot;:{&quot;className&quot;:&quot;&quot;,&quot;properties&quot;:{}},&quot;permissionReadonly&quot;:&quot;&quot;,&quot;permission&quot;:{&quot;className&quot;:&quot;&quot;,&quot;properties&quot;:{}},&quot;comment&quot;:&quot;Load and display published app userviews&quot;,&quot;id&quot;:&quot;apps_section&quot;,&quot;label&quot;:&quot;&quot;,&quot;storeBinder&quot;:{&quot;className&quot;:&quot;&quot;,&quot;properties&quot;:{}},&quot;readonlyLabel&quot;:&quot;&quot;}}]}</json>
         <dateCreated class="java.sql.Timestamp">2020-02-10 15:51:06.0 MYT</dateCreated>
         <dateModified class="java.sql.Timestamp">2020-02-10 15:51:06.0 MYT</dateModified>
      </formDefinition>
  </formDefinitionList>
   <userviewDefinitionList>
      <userviewDefinition>
         <id>v</id>
         <appId>appcenter</appId>
         <appVersion>6</appVersion>
         <name>Joget DX</name>
         <json>{&quot;className&quot;:&quot;org.joget.apps.userview.model.Userview&quot;,&quot;properties&quot;:{&quot;id&quot;:&quot;v&quot;,&quot;name&quot;:&quot;Joget DX&quot;,&quot;description&quot;:&quot;&quot;,&quot;welcomeMessage&quot;:&quot;#date.EEE, d MMM yyyy#&quot;,&quot;logoutText&quot;:&quot;Logout&quot;,&quot;footerMessage&quot;:&quot;#i18n.Powered by Joget#&quot;},&quot;setting&quot;:{&quot;properties&quot;:{&quot;theme&quot;:{&quot;className&quot;:&quot;org.joget.plugin.enterprise.UniversalTheme&quot;,&quot;properties&quot;:{&quot;horizontal_menu&quot;:&quot;horizontal_inline&quot;,&quot;themeScheme&quot;:&quot;light&quot;,&quot;primaryColor&quot;:&quot;custom&quot;,&quot;customPrimary&quot;:&quot;#0084F0&quot;,&quot;customPrimaryDark&quot;:&quot;#555555&quot;,&quot;customPrimaryLight&quot;:&quot;#FFFFFF&quot;,&quot;accentColor&quot;:&quot;BLUE&quot;,&quot;buttonColor&quot;:&quot;STEELBLUE&quot;,&quot;buttonTextColor&quot;:&quot;WHITE&quot;,&quot;menuFontColor&quot;:&quot;BLACK&quot;,&quot;fontColor&quot;:&quot;WHITE&quot;,&quot;fav_icon&quot;:&quot;&quot;,&quot;logo&quot;:&quot;#request.contextPath#\/images\/v3\/logo.png&quot;,&quot;profile&quot;:&quot;&quot;,&quot;userImage&quot;:&quot;&quot;,&quot;inbox&quot;:&quot;all&quot;,&quot;homeUrl&quot;:&quot;&quot;,&quot;shortcutLinkLabel&quot;:&quot;Shortcut&quot;,&quot;shortcut&quot;:[],&quot;userMenu&quot;:[],&quot;enableResponsiveSwitch&quot;:&quot;true&quot;,&quot;removeAssignmentTitle&quot;:&quot;&quot;,&quot;homeAttractBanner&quot;:&quot;&lt;div id=\&quot;banner\&quot;&gt;\n    &lt;h1&gt;#i18n.Faster, Simpler Digital Transformation#&lt;\/h1&gt;\n&lt;\/div&gt;\n&lt;div id=\&quot;brand_logo\&quot;&gt;\n    &lt;img src=\&quot;#appResource.logo.png#\&quot;&gt;\n&lt;\/div&gt;\n&lt;div id=\&quot;clock\&quot;&gt;&lt;\/div&gt;&quot;,&quot;css&quot;:&quot;@import url(#request.contextPath#\/css\/appCenter7.css);\n#banner {\n    background: url(#appResource.background-beach.jpg#);\n    background-size: cover;\n}\n&quot;,&quot;js&quot;:&quot;$(function(){\n    if (typeof AppCenter !== \&quot;undefined\&quot;) {\n        var backgrounds = [\&quot;#appResource.background-city.jpg#\&quot;,\&quot;#appResource.background-beach.jpg#\&quot;, \&quot;#appResource.background-industrial.jpg#\&quot;];\n        AppCenter.rotateBackgroundStart(backgrounds, 300);\n    }\n});&quot;,&quot;subheader&quot;:&quot;&quot;,&quot;subfooter&quot;:&quot;&quot;,&quot;disableHelpGuide&quot;:&quot;&quot;,&quot;disablePwa&quot;:&quot;&quot;,&quot;disablePush&quot;:&quot;&quot;,&quot;urlsToCache&quot;:&quot;#request.contextPath#\/web\/json\/apps\/published\/userviews?appCenter=true&quot;,&quot;loginPageTop&quot;:&quot;&quot;,&quot;loginPageBottom&quot;:&quot;&quot;}},&quot;userviewDescription&quot;:&quot;&quot;,&quot;userview_thumbnail&quot;:&quot;&quot;,&quot;hideThisUserviewInAppCenter&quot;:&quot;true&quot;,&quot;permission&quot;:{&quot;className&quot;:&quot;&quot;,&quot;properties&quot;:{}},&quot;__&quot;:&quot;&quot;,&quot;__&quot;:&quot;&quot;}},&quot;categories&quot;:[{&quot;className&quot;:&quot;org.joget.apps.userview.model.UserviewCategory&quot;,&quot;properties&quot;:{&quot;id&quot;:&quot;category-EE74E4F4426241BD9BC3BC73B1D24AC7&quot;,&quot;label&quot;:&quot;&lt;i class=&apos;fa fa-home&apos;&gt;&lt;\/i&gt; Home&quot;},&quot;menus&quot;:[{&quot;className&quot;:&quot;org.joget.apps.userview.lib.FormMenu&quot;,&quot;properties&quot;:{&quot;id&quot;:&quot;28F7ADF73F204C8BBAAD32CF26587AE2&quot;,&quot;customId&quot;:&quot;home&quot;,&quot;label&quot;:&quot;App Center&quot;,&quot;formId&quot;:&quot;landing&quot;,&quot;showInPopupDialog&quot;:&quot;&quot;,&quot;readonly&quot;:&quot;&quot;,&quot;readonlyLabel&quot;:&quot;&quot;,&quot;messageShowAfterComplete&quot;:&quot;&quot;,&quot;redirectUrlAfterComplete&quot;:&quot;&quot;,&quot;redirectUrlOnCancel&quot;:&quot;&quot;,&quot;redirectTargetOnCancel&quot;:&quot;top&quot;,&quot;fieldPassover&quot;:&quot;&quot;,&quot;fieldPassoverMethod&quot;:&quot;append&quot;,&quot;paramName&quot;:&quot;&quot;,&quot;submitButtonLabel&quot;:&quot;&quot;,&quot;cancelButtonLabel&quot;:&quot;&quot;,&quot;customHeader&quot;:&quot;&quot;,&quot;customFooter&quot;:&quot;&quot;,&quot;keyName&quot;:&quot;&quot;,&quot;loadDataWithKey&quot;:&quot;&quot;,&quot;userviewCacheScope&quot;:&quot;&quot;,&quot;userviewCacheDuration&quot;:&quot;20&quot;}}]}]}</json>
         <dateCreated class="java.sql.Timestamp">2020-02-10 15:51:06.0 MYT</dateCreated>
         <dateModified class="java.sql.Timestamp">2020-02-10 15:51:06.0 MYT</dateModified>
      </userviewDefinition>
      <userviewDefinition>
         <id>v2</id>
         <appId>appcenter</appId>
         <appVersion>6</appVersion>
         <name>Joget DX Platform</name>
         <json>{&quot;className&quot;:&quot;org.joget.apps.userview.model.Userview&quot;,&quot;categories&quot;:[{&quot;className&quot;:&quot;org.joget.apps.userview.model.UserviewCategory&quot;,&quot;menus&quot;:[{&quot;className&quot;:&quot;org.joget.apps.userview.lib.FormMenu&quot;,&quot;properties&quot;:{&quot;formId&quot;:&quot;landing&quot;,&quot;customHeader&quot;:&quot;&quot;,&quot;loadDataWithKey&quot;:&quot;&quot;,&quot;redirectUrlOnCancel&quot;:&quot;&quot;,&quot;fieldPassoverMethod&quot;:&quot;append&quot;,&quot;redirectTargetOnCancel&quot;:&quot;top&quot;,&quot;keyName&quot;:&quot;&quot;,&quot;customFooter&quot;:&quot;&quot;,&quot;label&quot;:&quot;App Center&quot;,&quot;paramName&quot;:&quot;&quot;,&quot;customId&quot;:&quot;home&quot;,&quot;messageShowAfterComplete&quot;:&quot;&quot;,&quot;userviewCacheDuration&quot;:&quot;20&quot;,&quot;showInPopupDialog&quot;:&quot;&quot;,&quot;submitButtonLabel&quot;:&quot;&quot;,&quot;readonly&quot;:&quot;&quot;,&quot;cancelButtonLabel&quot;:&quot;&quot;,&quot;userviewCacheScope&quot;:&quot;&quot;,&quot;id&quot;:&quot;28F7ADF73F204C8BBAAD32CF26587AE2&quot;,&quot;redirectUrlAfterComplete&quot;:&quot;&quot;,&quot;fieldPassover&quot;:&quot;&quot;,&quot;readonlyLabel&quot;:&quot;&quot;}}],&quot;properties&quot;:{&quot;id&quot;:&quot;category-EE74E4F4426241BD9BC3BC73B1D24AC7&quot;,&quot;label&quot;:&quot;&lt;i class=&apos;fa fa-home&apos;&gt;&lt;\/i&gt; Home&quot;}}],&quot;properties&quot;:{&quot;logoutText&quot;:&quot;Logout&quot;,&quot;welcomeMessage&quot;:&quot;#date.EEE, d MMM yyyy#&quot;,&quot;name&quot;:&quot;Joget DX Platform&quot;,&quot;description&quot;:&quot;&quot;,&quot;footerMessage&quot;:&quot;#i18n.Powered by Joget#&quot;,&quot;id&quot;:&quot;v2&quot;},&quot;setting&quot;:{&quot;properties&quot;:{&quot;__&quot;:&quot;&quot;,&quot;userviewDescription&quot;:&quot;&quot;,&quot;hideThisUserviewInAppCenter&quot;:&quot;true&quot;,&quot;userview_thumbnail&quot;:&quot;&quot;,&quot;theme&quot;:{&quot;className&quot;:&quot;org.joget.plugin.enterprise.UniversalTheme&quot;,&quot;properties&quot;:{&quot;horizontal_menu&quot;:&quot;horizontal_inline&quot;,&quot;themeScheme&quot;:&quot;light&quot;,&quot;primaryColor&quot;:&quot;custom&quot;,&quot;customPrimary&quot;:&quot;#FF7BAC&quot;,&quot;customPrimaryDark&quot;:&quot;#FF7BAC&quot;,&quot;customPrimaryLight&quot;:&quot;#FFFFFF&quot;,&quot;accentColor&quot;:&quot;BLUE&quot;,&quot;buttonColor&quot;:&quot;PLUM&quot;,&quot;buttonTextColor&quot;:&quot;WHITE&quot;,&quot;menuFontColor&quot;:&quot;BLACK&quot;,&quot;fontColor&quot;:&quot;WHITE&quot;,&quot;fav_icon&quot;:&quot;&quot;,&quot;logo&quot;:&quot;\/jw\/images\/v3\/logo.png&quot;,&quot;profile&quot;:&quot;&quot;,&quot;userImage&quot;:&quot;&quot;,&quot;inbox&quot;:&quot;all&quot;,&quot;homeUrl&quot;:&quot;&quot;,&quot;shortcutLinkLabel&quot;:&quot;Shortcut&quot;,&quot;shortcut&quot;:[],&quot;userMenu&quot;:[],&quot;enableResponsiveSwitch&quot;:&quot;true&quot;,&quot;removeAssignmentTitle&quot;:&quot;&quot;,&quot;homeAttractBanner&quot;:&quot;&lt;div id=\&quot;banner\&quot;&gt;\n    &lt;h1&gt;#i18n.Faster, Simpler Digital Transformation#&lt;\/h1&gt;\n&lt;\/div&gt;\n&quot;,&quot;css&quot;:&quot;@import url(\/jw\/css\/appCenter7_banner.css);\n#banner {\n    background: url(#appResource.banner.png#) no-repeat center;\n    background-size: cover;\n}\n&quot;,&quot;js&quot;:&quot;$(function() {\n    if (typeof AppCenter !== \&quot;undefined\&quot;) {\n        AppCenter.showNotifications = false;\n    }\n});&quot;,&quot;subheader&quot;:&quot;&quot;,&quot;subfooter&quot;:&quot;&quot;,&quot;disableHelpGuide&quot;:&quot;&quot;,&quot;disablePwa&quot;:&quot;&quot;,&quot;disablePush&quot;:&quot;&quot;,&quot;urlsToCache&quot;:&quot;\/web\/json\/apps\/published\/userviews?appCenter=true&quot;,&quot;loginPageTop&quot;:&quot;&quot;,&quot;loginPageBottom&quot;:&quot;&quot;}},&quot;permission&quot;:{&quot;className&quot;:&quot;&quot;,&quot;properties&quot;:{}},&quot;__&quot;:&quot;&quot;}}}</json>
         <dateCreated class="java.sql.Timestamp">2020-02-10 15:51:06.0 MYT</dateCreated>
         <dateModified class="java.sql.Timestamp">2020-02-10 15:51:06.0 MYT</dateModified>
      </userviewDefinition>
   </userviewDefinitionList>
   <datalistDefinitionList/>
   <!--builderDefinitionList/-->
   <pluginDefaultPropertiesList/>
   <environmentVariableList/>
   <messageList>
      <message>
         <id>&lt;i class=&apos;fa fa-home&apos;&gt;&lt;/i&gt; Home_zh_CN</id>
         <appId>appcenter</appId>
         <appVersion>6</appVersion>
         <messageKey>&lt;i class=&apos;fa fa-home&apos;&gt;&lt;/i&gt; Home</messageKey>
         <locale>zh_CN</locale>
         <message>&lt;i class=&apos;fa fa-home&apos;&gt;&lt;/i&gt; 首页</message>
      </message>
      <message>
         <id>&lt;i class=&apos;fa fa-home&apos;&gt;&lt;/i&gt; Home_zh_TW</id>
         <appId>appcenter</appId>
         <appVersion>6</appVersion>
         <messageKey>&lt;i class=&apos;fa fa-home&apos;&gt;&lt;/i&gt; Home</messageKey>
         <locale>zh_TW</locale>
         <message>&lt;i class=&apos;fa fa-home&apos;&gt;&lt;/i&gt; 首頁</message>
      </message>
      <message>
         <id>App Center_zh_CN</id>
         <appId>appcenter</appId>
         <appVersion>6</appVersion>
         <messageKey>App Center</messageKey>
         <locale>zh_CN</locale>
         <message>应用中心</message>
      </message>
      <message>
         <id>App Center_zh_TW</id>
         <appId>appcenter</appId>
         <appVersion>6</appVersion>
         <messageKey>App Center</messageKey>
         <locale>zh_TW</locale>
         <message>應用中心</message>
      </message>
      <message>
         <id>Design New App_zh_CN</id>
         <appId>appcenter</appId>
         <appVersion>6</appVersion>
         <messageKey>Design New App</messageKey>
         <locale>zh_CN</locale>
         <message>设计新应用程序</message>
      </message>
      <message>
         <id>Design New App_zh_TW</id>
         <appId>appcenter</appId>
         <appVersion>6</appVersion>
         <messageKey>Design New App</messageKey>
         <locale>zh_TW</locale>
         <message>設計新應用程序</message>
      </message>
      <message>
         <id>Download from Marketplace_zh_CN</id>
         <appId>appcenter</appId>
         <appVersion>6</appVersion>
         <messageKey>Download from Marketplace</messageKey>
         <locale>zh_CN</locale>
         <message>应用市场</message>
      </message>
      <message>
         <id>Download from Marketplace_zh_TW</id>
         <appId>appcenter</appId>
         <appVersion>6</appVersion>
         <messageKey>Download from Marketplace</messageKey>
         <locale>zh_TW</locale>
         <message>應用市場</message>
      </message>
      <message>
         <id>Faster, Simpler Digital Transformation_zh_CN</id>
         <appId>appcenter</appId>
         <appVersion>6</appVersion>
         <messageKey>Faster, Simpler Digital Transformation</messageKey>
         <locale>zh_CN</locale>
         <message>更快, 更简单地实现 企业数字化转型</message>
      </message>
      <message>
         <id>Faster, Simpler Digital Transformation_zh_TW</id>
         <appId>appcenter</appId>
         <appVersion>6</appVersion>
         <messageKey>Faster, Simpler Digital Transformation</messageKey>
         <locale>zh_TW</locale>
         <message>更快, 更簡單地實現 企業數字化轉型</message>
      </message>
      <message>
         <id>Import App_zh_CN</id>
         <appId>appcenter</appId>
         <appVersion>6</appVersion>
         <messageKey>Import App</messageKey>
         <locale>zh_CN</locale>
         <message>导入应用</message>
      </message>
      <message>
         <id>Import App_zh_TW</id>
         <appId>appcenter</appId>
         <appVersion>6</appVersion>
         <messageKey>Import App</messageKey>
         <locale>zh_TW</locale>
         <message>導入應用</message>
      </message>
      <message>
         <id>Powered by Joget_zh_CN</id>
         <appId>appcenter</appId>
         <appVersion>6</appVersion>
         <messageKey>Powered by Joget</messageKey>
         <locale>zh_CN</locale>
         <message>由Joget技术支持</message>
      </message>
      <message>
         <id>Powered by Joget_zh_TW</id>
         <appId>appcenter</appId>
         <appVersion>6</appVersion>
         <messageKey>Powered by Joget</messageKey>
         <locale>zh_TW</locale>
         <message>由Joget技術支持</message>
      </message>
      <message>
         <id>Published Apps_zh_CN</id>
         <appId>appcenter</appId>
         <appVersion>6</appVersion>
         <messageKey>Published Apps</messageKey>
         <locale>zh_CN</locale>
         <message>本地已发布</message>
      </message>
      <message>
         <id>Published Apps_zh_TW</id>
         <appId>appcenter</appId>
         <appVersion>6</appVersion>
         <messageKey>Published Apps</messageKey>
         <locale>zh_TW</locale>
         <message>本地已發布</message>
      </message>
   </messageList>   <!--resourceList>
      <appResource>
         <id>background-beach.jpg</id>
         <appId>appcenter</appId>
         <appVersion>6</appVersion>
         <filesize>190718</filesize>
         <permissionProperties>{&quot;hashvariable&quot;:&quot;#appResource.background-beach.jpg#&quot;,&quot;permission&quot;:{&quot;className&quot;:&quot;&quot;,&quot;properties&quot;:{}}}</permissionProperties>
      </appResource>
      <appResource>
         <id>background-city.jpg</id>
         <appId>appcenter</appId>
         <appVersion>6</appVersion>
         <filesize>195420</filesize>
         <permissionProperties>{&quot;hashvariable&quot;:&quot;#appResource.background-city.jpg#&quot;,&quot;permission&quot;:{&quot;className&quot;:&quot;&quot;,&quot;properties&quot;:{}}}</permissionProperties>
      </appResource>
      <appResource>
         <id>background-industrial.jpg</id>
         <appId>appcenter</appId>
         <appVersion>6</appVersion>
         <filesize>208549</filesize>
         <permissionProperties>{&quot;hashvariable&quot;:&quot;#appResource.background-industrial.jpg#&quot;,&quot;permission&quot;:{&quot;className&quot;:&quot;&quot;,&quot;properties&quot;:{}}}</permissionProperties>
      </appResource>
      <appResource>
         <id>banner.png</id>
         <appId>appcenter</appId>
         <appVersion>6</appVersion>
         <filesize>396721</filesize>
         <permissionProperties>{&quot;hashvariable&quot;:&quot;#appResource.banner.png#&quot;,&quot;permission&quot;:{&quot;className&quot;:&quot;&quot;,&quot;properties&quot;:{}}}</permissionProperties>
      </appResource>
      <appResource>
         <id>logo.png</id>
         <appId>appcenter</appId>
         <appVersion>6</appVersion>
         <filesize>7205</filesize>
         <permissionProperties>{&quot;hashvariable&quot;:&quot;#appResource.logo.png#&quot;,&quot;permission&quot;:{&quot;className&quot;:&quot;&quot;,&quot;properties&quot;:{}}}</permissionProperties>
      </appResource>
   </resourceList-->
   <license>oRIgWuw8ed5OmS98TSZFxocskOFXU0v3VPneM0k80NqSBK2r6RhNzTNTryZkuj4W</license>
</appDefinition>