<appDefinition>
   <id>appcenter</id>
   <version>1</version>
   <name>App Center</name>
   <dateCreated class="java.sql.Timestamp">2021-07-08 01:05:12.0 MYT</dateCreated>
   <dateModified class="java.sql.Timestamp">2021-07-14 17:31:10.0 MYT</dateModified>
   <packageDefinitionList/>
  <formDefinitionList>
      <formDefinition>
         <id>landing</id>
         <appId>appcenter</appId>
         <appVersion>1</appVersion>
         <name>Published Apps</name>
         <tableName>appcenter</tableName>
         <json>{&quot;className&quot;:&quot;org.joget.apps.form.model.Form&quot;,&quot;properties&quot;:{&quot;noPermissionMessage&quot;:&quot;&quot;,&quot;loadBinder&quot;:{&quot;className&quot;:&quot;org.joget.apps.form.lib.WorkflowFormBinder&quot;,&quot;properties&quot;:{}},&quot;name&quot;:&quot;Published Apps&quot;,&quot;description&quot;:&quot;&quot;,&quot;postProcessorRunOn&quot;:&quot;both&quot;,&quot;permission&quot;:{&quot;className&quot;:&quot;&quot;,&quot;properties&quot;:{}},&quot;id&quot;:&quot;landing&quot;,&quot;postProcessor&quot;:{&quot;className&quot;:&quot;&quot;,&quot;properties&quot;:{}},&quot;storeBinder&quot;:{&quot;className&quot;:&quot;org.joget.apps.form.lib.WorkflowFormBinder&quot;,&quot;properties&quot;:{}},&quot;tableName&quot;:&quot;appcenter&quot;},&quot;elements&quot;:[{&quot;elements&quot;:[{&quot;elements&quot;:[{&quot;className&quot;:&quot;org.joget.apps.form.lib.CustomHTML&quot;,&quot;properties&quot;:{&quot;autoPopulate&quot;:&quot;&quot;,&quot;id&quot;:&quot;admin_div&quot;,&quot;label&quot;:&quot;&quot;,&quot;value&quot;:&quot;&lt;style&gt;\n#appcenter_admin {\n    position: absolute;\n    top: -40px;\n    text-align: center;\n    display: block;\n    margin: auto;\n    width: 100%;\n}\n#appcenter_admin a {\n    background: white;\n    border: solid 1px #ddd;\n    cursor: pointer;\n    text-decoration: none;\n    color: #555;\n    margin-right: 5px;\n    padding: 10px;\n    box-shadow: 0 1px 1.5px 1px rgba(0,0,0,.12);\n    border-radius: 4px;\n    font-size: 14px;\n    font-weight: 400;\n    line-height: 1.42857143;\n    display: inline-block;\n}\n@media (max-width:540px) {\n    #appcenter_admin {\n        display: none;\n    }\n}\n&lt;\/style&gt;\n&lt;div id=\&quot;appcenter_admin\&quot;&gt;\n    &lt;a href=\&quot;#\&quot; onclick=\&quot;appCreate();return false\&quot;&gt;#i18n.Design New App#&lt;\/a&gt;\n    &lt;a href=\&quot;#\&quot; onclick=\&quot;appImport();return false\&quot;&gt;#i18n.Import App#&lt;\/a&gt;\n    &lt;a href=\&quot;#\&quot; onclick=&apos;AdminBar.showQuickOverlay(\&quot;#request.contextPath#\/web\/desktop\/marketplace\/app?url=\&quot; + encodeURIComponent(\&quot;https:\/\/marketplace.joget.org\&quot;));return false&apos;&gt;#i18n.Download from Marketplace#&lt;\/a&gt;\n&lt;\/div&gt;&quot;}}],&quot;className&quot;:&quot;org.joget.apps.form.model.Column&quot;,&quot;properties&quot;:{&quot;width&quot;:&quot;100%&quot;}}],&quot;className&quot;:&quot;org.joget.apps.form.model.Section&quot;,&quot;properties&quot;:{&quot;readonly&quot;:&quot;&quot;,&quot;loadBinder&quot;:{&quot;className&quot;:&quot;&quot;,&quot;properties&quot;:{}},&quot;permissionReadonly&quot;:&quot;&quot;,&quot;permission&quot;:{&quot;className&quot;:&quot;org.joget.apps.userview.lib.BeanShellPermission&quot;,&quot;properties&quot;:{&quot;script&quot;:&quot;import org.joget.workflow.util.WorkflowUtil;\nreturn !WorkflowUtil.isCurrentUserAnonymous() &amp;&amp; WorkflowUtil.isCurrentUserInRole(WorkflowUtil.ROLE_ADMIN);\n&quot;}},&quot;comment&quot;:&quot;Display admin buttons&quot;,&quot;id&quot;:&quot;admin_section&quot;,&quot;label&quot;:&quot;&quot;,&quot;storeBinder&quot;:{&quot;className&quot;:&quot;&quot;,&quot;properties&quot;:{}},&quot;readonlyLabel&quot;:&quot;&quot;}},{&quot;elements&quot;:[{&quot;elements&quot;:[{&quot;className&quot;:&quot;org.joget.apps.form.lib.CustomHTML&quot;,&quot;properties&quot;:{&quot;autoPopulate&quot;:&quot;&quot;,&quot;id&quot;:&quot;published_apps&quot;,&quot;label&quot;:&quot;&quot;,&quot;value&quot;:&quot;&lt;div id=\&quot;main-action-help\&quot;&gt;&lt;i class=\&quot;fa fa-info-circle\&quot;&gt;&lt;\/i&gt;&lt;\/div&gt;\n&lt;div id=\&quot;search\&quot;&gt;&lt;\/div&gt;\n&lt;ul id=\&quot;apps\&quot;&gt;&lt;\/ul&gt;\n&lt;p&gt;\n&lt;script src=\&quot;#request.contextPath#\/js\/appCenter7.js\&quot;&gt;&lt;\/script&gt;\n&lt;script&gt;\nAppCenter.searchFilter($(\&quot;#search\&quot;), $(\&quot;#apps\&quot;)); \nAppCenter.loadPublishedApps(\&quot;#apps\&quot;);\n&lt;\/script&gt;\n&lt;\/p&gt;&quot;}}],&quot;className&quot;:&quot;org.joget.apps.form.model.Column&quot;,&quot;properties&quot;:{&quot;width&quot;:&quot;100%&quot;}}],&quot;className&quot;:&quot;org.joget.apps.form.model.Section&quot;,&quot;properties&quot;:{&quot;readonly&quot;:&quot;&quot;,&quot;loadBinder&quot;:{&quot;className&quot;:&quot;&quot;,&quot;properties&quot;:{}},&quot;permissionReadonly&quot;:&quot;&quot;,&quot;permission&quot;:{&quot;className&quot;:&quot;&quot;,&quot;properties&quot;:{}},&quot;comment&quot;:&quot;Load and display published app userviews&quot;,&quot;id&quot;:&quot;apps_section&quot;,&quot;label&quot;:&quot;&quot;,&quot;storeBinder&quot;:{&quot;className&quot;:&quot;&quot;,&quot;properties&quot;:{}},&quot;readonlyLabel&quot;:&quot;&quot;}}]}</json>
         <dateCreated class="java.sql.Timestamp">2021-07-08 01:05:12.0 MYT</dateCreated>
         <dateModified class="java.sql.Timestamp">2021-07-08 01:05:12.0 MYT</dateModified>
      </formDefinition>
  </formDefinitionList>
   <userviewDefinitionList>
      <userviewDefinition>
         <id>v</id>
         <appId>appcenter</appId>
         <appVersion>1</appVersion>
         <name>Joget DX</name>
         <description></description>
         <json>{
&quot;categories&quot;: [{
&quot;className&quot;: &quot;org.joget.apps.userview.model.UserviewCategory&quot;,
&quot;menus&quot;: [{
&quot;className&quot;: &quot;org.joget.apps.userview.lib.DataListMenu&quot;,
&quot;properties&quot;: {
&quot;buttonPosition&quot;: &quot;bottomLeft&quot;,
&quot;cacheAllLinks&quot;: &quot;&quot;,
&quot;cacheListAction&quot;: &quot;&quot;,
&quot;checkboxPosition&quot;: &quot;left&quot;,
&quot;customFooter&quot;: &quot;&quot;,
&quot;customHeader&quot;: &quot;&quot;,
&quot;customId&quot;: &quot;home&quot;,
&quot;datalistId&quot;: &quot;applist&quot;,
&quot;enableOffline&quot;: &quot;&quot;,
&quot;id&quot;: &quot;8C70B71371B942B6D48A7E9B4C1DB8D1&quot;,
&quot;keyName&quot;: &quot;&quot;,
&quot;label&quot;: &quot;App Center&quot;,
&quot;permission_rules&quot;: {&quot;58F9FBEA76264BE037991759BC1645A2&quot;: {}},
&quot;rowCount&quot;: &quot;&quot;,
&quot;selectionType&quot;: &quot;multiple&quot;,
&quot;userviewCacheDuration&quot;: &quot;20&quot;,
&quot;userviewCacheScope&quot;: &quot;&quot;
}
}],
&quot;properties&quot;: {
&quot;comment&quot;: &quot;&quot;,
&quot;hide&quot;: &quot;&quot;,
&quot;id&quot;: &quot;category-CB52FE21C5EE44FC35A4BDB7A4DCDF53&quot;,
&quot;label&quot;: &quot;Home&quot;,
&quot;permission&quot;: {
&quot;className&quot;: &quot;org.joget.plugin.enterprise.AnonymousUserviewPermission&quot;,
&quot;properties&quot;: {}
},
&quot;permission_rules&quot;: {&quot;58F9FBEA76264BE037991759BC1645A2&quot;: {
&quot;hide&quot;: &quot;&quot;,
&quot;permissionDeny&quot;: &quot;&quot;
}}
}
}],
&quot;className&quot;: &quot;org.joget.apps.userview.model.Userview&quot;,
&quot;properties&quot;: {
&quot;description&quot;: &quot;&quot;,
&quot;footerMessage&quot;: &quot;#i18n.Powered by Joget#&quot;,
&quot;id&quot;: &quot;v&quot;,
&quot;logoutText&quot;: &quot;Logout&quot;,
&quot;name&quot;: &quot;Joget DX&quot;,
&quot;welcomeMessage&quot;: &quot;#date.EEE, d MMM yyyy#&quot;
},
&quot;setting&quot;: {&quot;properties&quot;: {
&quot;__&quot;: &quot;&quot;,
&quot;hideThisUserviewInAppCenter&quot;: &quot;true&quot;,
&quot;permission&quot;: {
&quot;className&quot;: &quot;&quot;,
&quot;properties&quot;: {}
},
&quot;permission_rules&quot;: [{
&quot;permission&quot;: {
&quot;className&quot;: &quot;org.joget.plugin.enterprise.AdminUserviewPermission&quot;,
&quot;properties&quot;: {}
},
&quot;permission_key&quot;: &quot;58F9FBEA76264BE037991759BC1645A2&quot;,
&quot;permission_name&quot;: &quot;Is Admin&quot;
}],
&quot;tempDisablePermissionChecking&quot;: &quot;&quot;,
&quot;theme&quot;: {
&quot;className&quot;: &quot;org.joget.plugin.enterprise.Dx8ColorAdminTheme&quot;,
&quot;properties&quot;: {
&quot;breadcrumb-style-display&quot;: &quot;none&quot;,
&quot;css&quot;: &quot;body#home #main{\n    height: calc(100vh - 65px);\n    overflow: hidden;\n}\nbody#home #content{\n    padding:0;\n}\nbody#home #home_column .row{\n    margin-left:0;\n    margin-right:0;\n}\n#page, #content {\n    background-image: url(&apos;#request.baseURL#/web/app/appcenter/resources/background-industrial.jpg&apos;);\n    background-size:cover;\n    background-color:transparent !important;\n}&quot;,
&quot;disableHelpGuide&quot;: &quot;&quot;,
&quot;disablePush&quot;: &quot;&quot;,
&quot;disablePwa&quot;: &quot;&quot;,
&quot;dx8background&quot;: &quot;&quot;,
&quot;dx8buttonBackground&quot;: &quot;&quot;,
&quot;dx8buttonColor&quot;: &quot;&quot;,
&quot;dx8colorSchema&quot;: &quot;#f1f1f1;#FFFFFF;#8D9BCA;#1EA0CB;#253037;#19242b&quot;,
&quot;dx8contentbackground&quot;: &quot;rgba(255, 255, 255, 0.67)&quot;,
&quot;dx8fontColor&quot;: &quot;&quot;,
&quot;dx8footerBackground&quot;: &quot;&quot;,
&quot;dx8footerColor&quot;: &quot;&quot;,
&quot;dx8headerColor&quot;: &quot;&quot;,
&quot;dx8headerFontColor&quot;: &quot;&quot;,
&quot;dx8linkActiveColor&quot;: &quot;&quot;,
&quot;dx8linkColor&quot;: &quot;&quot;,
&quot;dx8navActiveIconColor&quot;: &quot;&quot;,
&quot;dx8navActiveLinkBackground&quot;: &quot;&quot;,
&quot;dx8navActiveLinkColor&quot;: &quot;&quot;,
&quot;dx8navBackground&quot;: &quot;&quot;,
&quot;dx8navBadge&quot;: &quot;&quot;,
&quot;dx8navBadgeText&quot;: &quot;&quot;,
&quot;dx8navLinkBackground&quot;: &quot;&quot;,
&quot;dx8navLinkColor&quot;: &quot;&quot;,
&quot;dx8navLinkIcon&quot;: &quot;&quot;,
&quot;dx8navScrollbarThumb&quot;: &quot;&quot;,
&quot;dx8navScrollbarTrack&quot;: &quot;&quot;,
&quot;dx8primaryColor&quot;: &quot;&quot;,
&quot;enableResponsiveSwitch&quot;: &quot;true&quot;,
&quot;fav_icon&quot;: &quot;&quot;,
&quot;footer-style-display&quot;: &quot;none&quot;,
&quot;homeAttractBanner&quot;: &quot;&quot;,
&quot;homeUrl&quot;: &quot;&quot;,
&quot;horizontal_menu&quot;: &quot;horizontal_inline&quot;,
&quot;inbox&quot;: &quot;current&quot;,
&quot;js&quot;: &quot;&quot;,
&quot;loginPageBottom&quot;: &quot;&quot;,
&quot;loginPageTop&quot;: &quot;&quot;,
&quot;logo&quot;: &quot;#appResource.logo.png#&quot;,
&quot;profile&quot;: &quot;&quot;,
&quot;removeAssignmentTitle&quot;: &quot;&quot;,
&quot;shortcut&quot;: [],
&quot;shortcutLinkLabel&quot;: &quot;Shortcut&quot;,
&quot;subfooter&quot;: &quot;&quot;,
&quot;subheader&quot;: &quot;&quot;,
&quot;urlsToCache&quot;: &quot;&quot;,
&quot;userImage&quot;: &quot;&quot;,
&quot;userMenu&quot;: []
}
},
&quot;userviewDescription&quot;: &quot;&quot;,
&quot;userview_thumbnail&quot;: &quot;&quot;
}}
}</json>
         <dateCreated class="java.sql.Timestamp">2021-07-08 01:05:12.0 MYT</dateCreated>
         <dateModified class="java.sql.Timestamp">2021-07-08 01:05:12.0 MYT</dateModified>
      </userviewDefinition>
   </userviewDefinitionList>
   <datalistDefinitionList>
      <datalistDefinition>
         <id>applist</id>
         <appId>appcenter</appId>
         <appVersion>1</appVersion>
         <name>App List</name>
         <description></description>
         <json>{&quot;id&quot;:&quot;applist&quot;,&quot;name&quot;:&quot;App List&quot;,&quot;pageSize&quot;:&quot;0&quot;,&quot;order&quot;:&quot;&quot;,&quot;orderBy&quot;:&quot;&quot;,&quot;description&quot;:&quot;&quot;,&quot;actions&quot;:[],&quot;rowActions&quot;:[{&quot;id&quot;:&quot;rowAction_0&quot;,&quot;className&quot;:&quot;org.joget.apps.datalist.lib.HyperlinkDataListAction&quot;,&quot;label&quot;:&quot;Hyperlink&quot;,&quot;properties&quot;:{&quot;label&quot;:&quot;&lt;i class=\&quot;fas fa-pen\&quot;&gt;&lt;\/i&gt; Edit App&quot;,&quot;target&quot;:&quot;_blank&quot;,&quot;link-css-display-type&quot;:&quot;btn btn-sm btn-primary&quot;,&quot;href&quot;:&quot;#request.baseURL#\/web\/console\/app&quot;,&quot;hrefParam&quot;:&quot;;;&quot;,&quot;hrefColumn&quot;:&quot;apps.id;apps.version;builders&quot;,&quot;confirmation&quot;:&quot;&quot;,&quot;datalist_type&quot;:&quot;&quot;,&quot;rules&quot;:[],&quot;header_label&quot;:&quot;&quot;},&quot;hidden&quot;:&quot;true&quot;,&quot;permission_rules&quot;:{&quot;9D3F667778064DF2976BDBE2C629EA8D&quot;:{&quot;hidden&quot;:&quot;&quot;}}}],&quot;filters&quot;:[],&quot;binder&quot;:{&quot;className&quot;:&quot;org.joget.apps.datalist.lib.JsonApiDatalistBinder&quot;,&quot;properties&quot;:{&quot;jsonUrl&quot;:&quot;#request.baseURL#\/web\/json\/apps\/published\/userviews?appCenter=true&quot;,&quot;requestType&quot;:&quot;&quot;,&quot;headers&quot;:[],&quot;copyCookies&quot;:&quot;true&quot;,&quot;multirowBaseObject&quot;:&quot;apps.userviews&quot;,&quot;totalRowCountObject&quot;:&quot;&quot;,&quot;primaryKey&quot;:&quot;id&quot;,&quot;handlePaging&quot;:&quot;&quot;,&quot;debugMode&quot;:&quot;&quot;}},&quot;columns&quot;:[{&quot;id&quot;:&quot;column_0&quot;,&quot;name&quot;:&quot;imageUrl&quot;,&quot;label&quot;:&quot;imageUrl&quot;,&quot;filterable&quot;:true,&quot;hidden&quot;:&quot;false&quot;,&quot;sortable&quot;:&quot;false&quot;,&quot;datalist_type&quot;:&quot;&quot;,&quot;renderHtml&quot;:&quot;&quot;,&quot;exclude_export&quot;:&quot;&quot;,&quot;width&quot;:&quot;&quot;,&quot;style&quot;:&quot;&quot;,&quot;alignment&quot;:&quot;&quot;,&quot;headerAlignment&quot;:&quot;&quot;,&quot;action&quot;:{&quot;className&quot;:&quot;&quot;,&quot;properties&quot;:{}},&quot;format&quot;:{&quot;className&quot;:&quot;org.joget.apps.datalist.lib.ImageFormatter&quot;,&quot;properties&quot;:{&quot;imageSrc&quot;:&quot;&quot;,&quot;imagefullsize&quot;:&quot;&quot;,&quot;height&quot;:&quot;80px&quot;,&quot;width&quot;:&quot;80px&quot;,&quot;defaultImage&quot;:&quot;#request.baseURL#\/web\/userview\/screenshot\/appcenter\/v&quot;}},&quot;style-margin-bottom&quot;:&quot;10px&quot;,&quot;permission_rules&quot;:{&quot;9D3F667778064DF2976BDBE2C629EA8D&quot;:{}}},{&quot;id&quot;:&quot;column_1&quot;,&quot;name&quot;:&quot;name&quot;,&quot;label&quot;:&quot;name&quot;,&quot;filterable&quot;:true,&quot;hidden&quot;:&quot;false&quot;,&quot;sortable&quot;:&quot;false&quot;,&quot;datalist_type&quot;:&quot;&quot;,&quot;renderHtml&quot;:&quot;&quot;,&quot;exclude_export&quot;:&quot;&quot;,&quot;width&quot;:&quot;&quot;,&quot;style&quot;:&quot;&quot;,&quot;alignment&quot;:&quot;&quot;,&quot;headerAlignment&quot;:&quot;&quot;,&quot;action&quot;:{&quot;className&quot;:&quot;&quot;,&quot;properties&quot;:{}},&quot;format&quot;:{&quot;className&quot;:&quot;&quot;,&quot;properties&quot;:{}},&quot;style-custom&quot;:&quot;font-weight: 500;\nfont-size: 13px;\nword-wrap: break-word;\npadding: 0 5px;\nheight: 39px;\noverflow: hidden;\nmargin-bottom: 3px;&quot;,&quot;permission_rules&quot;:{&quot;9D3F667778064DF2976BDBE2C629EA8D&quot;:{}}},{&quot;id&quot;:&quot;column_2&quot;,&quot;name&quot;:&quot;apps.name&quot;,&quot;label&quot;:&quot;apps.name&quot;,&quot;filterable&quot;:true,&quot;hidden&quot;:&quot;false&quot;,&quot;sortable&quot;:&quot;false&quot;,&quot;datalist_type&quot;:&quot;&quot;,&quot;renderHtml&quot;:&quot;&quot;,&quot;exclude_export&quot;:&quot;&quot;,&quot;width&quot;:&quot;&quot;,&quot;style&quot;:&quot;&quot;,&quot;alignment&quot;:&quot;&quot;,&quot;headerAlignment&quot;:&quot;&quot;,&quot;action&quot;:{&quot;className&quot;:&quot;&quot;,&quot;properties&quot;:{}},&quot;format&quot;:{&quot;className&quot;:&quot;&quot;,&quot;properties&quot;:{}},&quot;style-custom&quot;:&quot;font-size: 80%;\ncolor: #999;\nmax-height: 16px;\noverflow: hidden;\nword-wrap: break-word;&quot;,&quot;permission_rules&quot;:{&quot;9D3F667778064DF2976BDBE2C629EA8D&quot;:{}}}],&quot;responsive_layout&quot;:&quot;card-layout&quot;,&quot;hidePageSize&quot;:&quot;true&quot;,&quot;pageSizeSelectorOptions&quot;:&quot;10&quot;,&quot;useSession&quot;:&quot;&quot;,&quot;showDataWhenFilterSet&quot;:&quot;&quot;,&quot;considerFilterWhenGetTotal&quot;:&quot;&quot;,&quot;searchPopup&quot;:&quot;&quot;,&quot;disableResponsive&quot;:&quot;&quot;,&quot;card_layout_display&quot;:&quot;lg-card;md-card;sm-card&quot;,&quot;card_layout_label&quot;:&quot;&quot;,&quot;card_clickable&quot;:&quot;true&quot;,&quot;card-style-border-width&quot;:&quot;0px&quot;,&quot;card-style-text-align&quot;:&quot;center&quot;,&quot;card-style-custom&quot;:&quot;padding:15px;&quot;,&quot;card_click_action&quot;:{&quot;className&quot;:&quot;org.joget.apps.datalist.lib.HyperlinkDataListAction&quot;,&quot;properties&quot;:{&quot;href&quot;:&quot;#request.baseURL#\/web\/userview\/&quot;,&quot;target&quot;:&quot;_blank&quot;,&quot;hrefParam&quot;:&quot;;&quot;,&quot;hrefColumn&quot;:&quot;apps.id;id&quot;,&quot;label&quot;:&quot;Hyperlink&quot;,&quot;confirmation&quot;:&quot;&quot;,&quot;visible&quot;:&quot;&quot;}},&quot;card-style-hover-custom&quot;:&quot;opacity:0.8;&quot;,&quot;permission_rules&quot;:[{&quot;permission_key&quot;:&quot;9D3F667778064DF2976BDBE2C629EA8D&quot;,&quot;permission_name&quot;:&quot;Is Admin&quot;,&quot;permission&quot;:{&quot;className&quot;:&quot;org.joget.plugin.enterprise.AdminUserviewPermission&quot;,&quot;properties&quot;:{}}}]}</json>
         <dateCreated class="java.sql.Timestamp">2021-07-11 21:43:09.0 MYT</dateCreated>
         <dateModified class="java.sql.Timestamp">2021-07-11 21:43:09.0 MYT</dateModified>
      </datalistDefinition>
   </datalistDefinitionList>
   <!--builderDefinitionList>
      <builderDefinition>
         <id>up-8C70B71371B942B6D48A7E9B4C1DB8D1</id>
         <appId>appcenter</appId>
         <appVersion>1</appVersion>
         <name>App Center</name>
         <type>INTERNAL_USERVIEW_PAGE</type>
         <json>{
&quot;className&quot;: &quot;org.joget.apps.userview.model.UserviewPage&quot;,
&quot;elements&quot;: [{
&quot;className&quot;: &quot;org.joget.apps.userview.lib.component.ColumnsComponent&quot;,
&quot;elements&quot;: [
{
&quot;className&quot;: &quot;org.joget.apps.userview.lib.component.ColumnComponent&quot;,
&quot;elements&quot;: [
{
&quot;className&quot;: &quot;org.joget.apps.userview.lib.component.HeadingComponent&quot;,
&quot;properties&quot;: {
&quot;attr-data-events-triggering&quot;: [],
&quot;customId&quot;: &quot;clock&quot;,
&quot;id&quot;: &quot;F8C8E018B9FF469A295EAF3685534D00&quot;,
&quot;permission_rules&quot;: {&quot;58F9FBEA76264BE037991759BC1645A2&quot;: {}},
&quot;style-color&quot;: &quot;#FFFFFF&quot;,
&quot;style-font-size&quot;: &quot;80px&quot;,
&quot;style-margin-top&quot;: &quot;50px&quot;,
&quot;style-text-align&quot;: &quot;center&quot;,
&quot;tagName&quot;: &quot;h1&quot;,
&quot;textContent&quot;: &quot; &quot;
}
},
{
&quot;className&quot;: &quot;org.joget.apps.userview.lib.component.ContainerComponent&quot;,
&quot;elements&quot;: [
{
&quot;className&quot;: &quot;org.joget.apps.userview.lib.component.HeadingComponent&quot;,
&quot;properties&quot;: {
&quot;attr-data-events-triggering&quot;: [],
&quot;customId&quot;: &quot;&quot;,
&quot;id&quot;: &quot;95B6A3327917486E2784BAFDC39CC3D4&quot;,
&quot;permission_rules&quot;: {&quot;58F9FBEA76264BE037991759BC1645A2&quot;: {}},
&quot;style-color&quot;: &quot;#FFFFFF&quot;,
&quot;style-margin-bottom&quot;: &quot;50px&quot;,
&quot;style-margin-top&quot;: &quot;50px&quot;,
&quot;style-text-align&quot;: &quot;center&quot;,
&quot;tagName&quot;: &quot;h1&quot;,
&quot;textContent&quot;: &quot;#i18n.Faster, Simpler Digital Transformation#&quot;
}
},
{
&quot;className&quot;: &quot;org.joget.apps.userview.lib.component.ScriptComponent&quot;,
&quot;properties&quot;: {
&quot;attr-data-events-triggering&quot;: [],
&quot;customId&quot;: &quot;&quot;,
&quot;id&quot;: &quot;66465E19B19A4481B8BD32BD9BBC0D83&quot;,
&quot;script&quot;: &quot;$(function(){\n    var rotateBackgroundStart = function(backgrounds, interval){\n        intervalInSeconds = interval * 1000;\n        currentBackground = $.cookie(\&quot;appCenterBackground\&quot;);\n        //show the last background saved in user&apos;s browser\n        if(currentBackground != null &amp;&amp; backgrounds.indexOf(currentBackground) != -1){\n            $(\&quot;#page, #content\&quot;).css(\&quot;background-image\&quot;, &apos;url(\&quot;&apos; + currentBackground + &apos;\&quot;) !important&apos;);\n        }\n        setTimeout(function(){\n            rotateBackground(backgrounds, intervalInSeconds);\n        }, intervalInSeconds);\n    };\n    var rotateBackground = function(backgrounds, interval){\n        max = backgrounds.length;\n        next = Math.floor(Math.random() * max);\n        \n        currentBackground = $.cookie(\&quot;appCenterBackground\&quot;);\n        if(backgrounds[next] == currentBackground){\n            rotateBackground(backgrounds, interval);\n        }else{\n            $(\&quot;#page, #content\&quot;).css(\&quot;background\&quot;, &apos;url(\&quot;&apos; + backgrounds[next] + &apos;\&quot;)&apos;);\n            $.cookie(\&quot;appCenterBackground\&quot;, backgrounds[next]);\n            \n            setTimeout(function(){\n                rotateBackground(backgrounds, interval);\n            }, interval);\n        }\n    } \n    var backgrounds = [\&quot;#appResource.background-industrial.jpg#\&quot;,\&quot;#appResource.background-city.jpg#\&quot;,\&quot;#appResource.background-beach.jpg#\&quot;];\n    rotateBackgroundStart(backgrounds, 300)\n    \n    var updateClock = function(clock){\n        var date = new Date();\n        var ampm = date.getHours() &lt; 12 ? &apos;AM&apos; : &apos;PM&apos;;\n        var hours = date.getHours() == 0\n                  ? 12\n                  : date.getHours() &gt; 12\n                    ? date.getHours() - 12\n                    : date.getHours();\n        var minutes = date.getMinutes() &lt; 10 \n                    ? &apos;0&apos; + date.getMinutes() \n                    : date.getMinutes();\n        var style = $(clock).find(\&quot;style\&quot;);        \n        $(clock).text(hours + \&quot;:\&quot; + minutes + \&quot; \&quot; + ampm);\n        $(clock).append(style);\n    };\n    \n    var clock = $(\&quot;#clock\&quot;);\n    if (clock.length &gt; 0) {\n        updateClock(clock);\n        window.setInterval(function() {\n            updateClock(clock);\n        }, 10000);\n    }\n    \n    $(\&quot;.inbox-notification\&quot;).off(\&quot;inbox_notification_updated\&quot;);\n    $(\&quot;.inbox-notification\&quot;).on(\&quot;inbox_notification_updated\&quot;, function(){\n        var style = $(\&quot;#assignment_msg\&quot;).find(\&quot;style\&quot;);        \n        $(\&quot;#assignment_msg\&quot;).html(&apos;&lt;a href=\&quot;#request.baseURL#/web/userview/appcenter/v/_/_ja_inbox\&quot;&gt;&lt;h4&gt;&apos; + $(\&quot;.inbox-notification .dropdown-menu-title span\&quot;).text() + &apos;&lt;h4&gt;&lt;\/a&gt;&apos;);\n        $(\&quot;#assignment_msg\&quot;).append(style);\n    });\n});&quot;
}
},
{
&quot;className&quot;: &quot;org.joget.apps.userview.lib.component.ContainerComponent&quot;,
&quot;properties&quot;: {
&quot;attr-data-events-triggering&quot;: [],
&quot;customId&quot;: &quot;assignment_msg&quot;,
&quot;id&quot;: &quot;AC0695C17B2A48D06EECEE3AC6DFDF09&quot;,
&quot;style-color&quot;: &quot;#FFFFFF&quot;,
&quot;style-margin-top&quot;: &quot;40px&quot;,
&quot;style-text-align&quot;: &quot;center&quot;
}
}
],
&quot;properties&quot;: {
&quot;attr-data-events-triggering&quot;: [],
&quot;customId&quot;: &quot;inbox_container&quot;,
&quot;id&quot;: &quot;970F3C4619204E5D5F9253C3A2B9D8A3&quot;,
&quot;permission_rules&quot;: {&quot;58F9FBEA76264BE037991759BC1645A2&quot;: {}}
}
}
],
&quot;properties&quot;: {
&quot;permission_rules&quot;: {&quot;58F9FBEA76264BE037991759BC1645A2&quot;: {}},
&quot;style-custom&quot;: &quot;padding:20px;&quot;,
&quot;style-flex&quot;: &quot;0 0 40%&quot;,
&quot;style-max-width&quot;: &quot;40%&quot;,
&quot;style-mobile-display&quot;: &quot;none&quot;
}
},
{
&quot;className&quot;: &quot;org.joget.apps.userview.lib.component.ColumnComponent&quot;,
&quot;elements&quot;: [{
&quot;className&quot;: &quot;org.joget.apps.userview.lib.component.ContainerComponent&quot;,
&quot;elements&quot;: [
{
&quot;className&quot;: &quot;org.joget.apps.userview.lib.component.ContainerComponent&quot;,
&quot;elements&quot;: [
{
&quot;className&quot;: &quot;org.joget.apps.userview.lib.component.ButtonComponent&quot;,
&quot;properties&quot;: {
&quot;attr-data-events-triggering&quot;: [],
&quot;attr-href&quot;: &quot;#&quot;,
&quot;attr-onclick&quot;: &quot;appCreate();return false;&quot;,
&quot;css-display-type&quot;: &quot;btn btn-secondary&quot;,
&quot;customId&quot;: &quot;&quot;,
&quot;id&quot;: &quot;8EFC9D21190A4BFBE31A945826FF6B34&quot;,
&quot;permission_rules&quot;: {&quot;58F9FBEA76264BE037991759BC1645A2&quot;: {}},
&quot;style-margin-right&quot;: &quot;10px&quot;,
&quot;textContent&quot;: &quot;Design New App&quot;
}
},
{
&quot;className&quot;: &quot;org.joget.apps.userview.lib.component.ButtonComponent&quot;,
&quot;properties&quot;: {
&quot;attr-data-events-triggering&quot;: [],
&quot;attr-href&quot;: &quot;#&quot;,
&quot;attr-onclick&quot;: &quot;appImport();return false;&quot;,
&quot;css-display-type&quot;: &quot;btn btn-secondary&quot;,
&quot;customId&quot;: &quot;&quot;,
&quot;id&quot;: &quot;10862931081E4DF47D44CCDFC696CAD6&quot;,
&quot;permission_rules&quot;: {&quot;58F9FBEA76264BE037991759BC1645A2&quot;: {}},
&quot;style-margin-right&quot;: &quot;15px&quot;,
&quot;textContent&quot;: &quot;Import App&quot;
}
},
{
&quot;className&quot;: &quot;org.joget.apps.userview.lib.component.ButtonComponent&quot;,
&quot;properties&quot;: {
&quot;attr-data-events-triggering&quot;: [],
&quot;attr-href&quot;: &quot;#&quot;,
&quot;attr-onclick&quot;: &quot;AdminBar.showQuickOverlay(\&quot;#request.contextPath#/web/desktop/marketplace/app?url=\&quot; + encodeURIComponent(\&quot;https://marketplace.joget.org\&quot;));return false&quot;,
&quot;css-display-type&quot;: &quot;btn btn-secondary&quot;,
&quot;customId&quot;: &quot;&quot;,
&quot;id&quot;: &quot;07863BFB349747ED1A6E45812F7C5F97&quot;,
&quot;permission_rules&quot;: {&quot;58F9FBEA76264BE037991759BC1645A2&quot;: {}},
&quot;textContent&quot;: &quot;Download from Marketplace&quot;
}
}
],
&quot;properties&quot;: {
&quot;attr-data-events-triggering&quot;: [],
&quot;customId&quot;: &quot;&quot;,
&quot;hidden&quot;: &quot;true&quot;,
&quot;id&quot;: &quot;96141190357145C9478235142772AEC5&quot;,
&quot;permission_rules&quot;: {&quot;58F9FBEA76264BE037991759BC1645A2&quot;: {&quot;hidden&quot;: &quot;&quot;}},
&quot;style-margin-bottom&quot;: &quot;25px&quot;,
&quot;style-text-align&quot;: &quot;center&quot;
}
},
{
&quot;className&quot;: &quot;menu-component&quot;,
&quot;permission_rules&quot;: {&quot;58F9FBEA76264BE037991759BC1645A2&quot;: {}}
},
{
&quot;className&quot;: &quot;org.joget.apps.userview.lib.component.ContainerComponent&quot;,
&quot;properties&quot;: {
&quot;attr-data-events-triggering&quot;: [],
&quot;customId&quot;: &quot;&quot;,
&quot;id&quot;: &quot;626B4A4F12C7437465837569ABDD6799&quot;,
&quot;permission_rules&quot;: {&quot;58F9FBEA76264BE037991759BC1645A2&quot;: {&quot;hidden&quot;: &quot;true&quot;}},
&quot;style-height&quot;: &quot;50px&quot;
}
},
{
&quot;className&quot;: &quot;org.joget.apps.userview.lib.component.ContainerComponent&quot;,
&quot;elements&quot;: [{
&quot;className&quot;: &quot;org.joget.apps.userview.lib.component.ColumnsComponent&quot;,
&quot;elements&quot;: [
{
&quot;className&quot;: &quot;org.joget.apps.userview.lib.component.ColumnComponent&quot;,
&quot;elements&quot;: [{
&quot;className&quot;: &quot;org.joget.apps.userview.lib.component.ButtonComponent&quot;,
&quot;properties&quot;: {
&quot;attr-data-events-triggering&quot;: [],
&quot;attr-href&quot;: &quot;#request.baseURL#/web/desktop/apps&quot;,
&quot;attr-onclick&quot;: &quot;return AdminBar.showQuickOverlay(&apos;#request.baseURL#/web/desktop/apps&apos;)&quot;,
&quot;attr-target&quot;: &quot;_blank&quot;,
&quot;css-display-type&quot;: &quot;btn btn-link&quot;,
&quot;customId&quot;: &quot;&quot;,
&quot;id&quot;: &quot;9E16BAB415794C50A93752C0CC4139E5&quot;,
&quot;permission_rules&quot;: {&quot;58F9FBEA76264BE037991759BC1645A2&quot;: {}},
&quot;textContent&quot;: &quot;&lt;i class=\&quot;fas fa-th fa-4x\&quot;&gt;&lt;\/i&gt;&lt;br/&gt;&lt;span&gt;All Apps&lt;\/span&gt;&quot;
}
}],
&quot;properties&quot;: {&quot;permission_rules&quot;: {&quot;58F9FBEA76264BE037991759BC1645A2&quot;: {}}}
},
{
&quot;className&quot;: &quot;org.joget.apps.userview.lib.component.ColumnComponent&quot;,
&quot;elements&quot;: [{
&quot;className&quot;: &quot;org.joget.apps.userview.lib.component.ButtonComponent&quot;,
&quot;properties&quot;: {
&quot;attr-data-events-triggering&quot;: [],
&quot;attr-href&quot;: &quot;#request.baseURL#/web/console/directory/users&quot;,
&quot;attr-onclick&quot;: &quot;return AdminBar.showQuickOverlay(&apos;#request.baseURL#/web/console/directory/users&apos;)&quot;,
&quot;attr-target&quot;: &quot;_blank&quot;,
&quot;css-display-type&quot;: &quot;btn btn-link&quot;,
&quot;customId&quot;: &quot;&quot;,
&quot;id&quot;: &quot;85D5BC4789BC407E73C810A3E62A56BF&quot;,
&quot;permission_rules&quot;: {&quot;58F9FBEA76264BE037991759BC1645A2&quot;: {}},
&quot;textContent&quot;: &quot;&lt;i class=\&quot;fas fa-users fa-4x\&quot;&gt;&lt;\/i&gt;&lt;br/&gt;&lt;span&gt;Users&lt;\/span&gt;&quot;
}
}],
&quot;properties&quot;: {&quot;permission_rules&quot;: {&quot;58F9FBEA76264BE037991759BC1645A2&quot;: {}}}
},
{
&quot;className&quot;: &quot;org.joget.apps.userview.lib.component.ColumnComponent&quot;,
&quot;elements&quot;: [{
&quot;className&quot;: &quot;org.joget.apps.userview.lib.component.ButtonComponent&quot;,
&quot;properties&quot;: {
&quot;attr-data-events-triggering&quot;: [],
&quot;attr-href&quot;: &quot;#request.baseURL#/web/console/monitor/running&quot;,
&quot;attr-onclick&quot;: &quot;return AdminBar.showQuickOverlay(&apos;#request.baseURL#/web/console/monitor/running&apos;)&quot;,
&quot;attr-target&quot;: &quot;_blank&quot;,
&quot;css-display-type&quot;: &quot;btn btn-link&quot;,
&quot;customId&quot;: &quot;&quot;,
&quot;id&quot;: &quot;3742A62566E044E5B66AD401715B48A5&quot;,
&quot;permission_rules&quot;: {&quot;58F9FBEA76264BE037991759BC1645A2&quot;: {}},
&quot;textContent&quot;: &quot;&lt;i class=\&quot;fas fa-tachometer-alt fa-4x\&quot;&gt;&lt;\/i&gt;&lt;br/&gt;&lt;span&gt;Monitor&lt;\/span&gt;&quot;
}
}],
&quot;properties&quot;: {
&quot;id&quot;: &quot;4FDECF524FB5476973637C46DB418E25&quot;,
&quot;permission_rules&quot;: {&quot;58F9FBEA76264BE037991759BC1645A2&quot;: {}}
}
},
{
&quot;className&quot;: &quot;org.joget.apps.userview.lib.component.ColumnComponent&quot;,
&quot;elements&quot;: [{
&quot;className&quot;: &quot;org.joget.apps.userview.lib.component.ButtonComponent&quot;,
&quot;properties&quot;: {
&quot;attr-data-events-triggering&quot;: [],
&quot;attr-href&quot;: &quot;#request.baseURL#/web/console/setting/general&quot;,
&quot;attr-onclick&quot;: &quot;return AdminBar.showQuickOverlay(&apos;#request.baseURL#/web/console/setting/general&apos;)&quot;,
&quot;attr-target&quot;: &quot;_blank&quot;,
&quot;css-display-type&quot;: &quot;btn btn-link&quot;,
&quot;customId&quot;: &quot;&quot;,
&quot;id&quot;: &quot;6E40723BE9E046D8FAF201571471F298&quot;,
&quot;permission_rules&quot;: {&quot;58F9FBEA76264BE037991759BC1645A2&quot;: {}},
&quot;textContent&quot;: &quot;&lt;i class=\&quot;fas fa-cogs fa-4x\&quot;&gt;&lt;\/i&gt;&lt;br/&gt;&lt;span&gt;Settings&lt;\/span&gt;&quot;
}
}],
&quot;properties&quot;: {
&quot;id&quot;: &quot;5CA1C8967055456FB71267E70FCE0119&quot;,
&quot;permission_rules&quot;: {&quot;58F9FBEA76264BE037991759BC1645A2&quot;: {}}
}
}
],
&quot;properties&quot;: {
&quot;attr-data-events-triggering&quot;: [],
&quot;columns&quot;: [
{
&quot;style-max-width&quot;: &quot;&quot;,
&quot;style-mobile-max-width&quot;: &quot;&quot;,
&quot;style-tablet-max-width&quot;: &quot;&quot;
},
{
&quot;style-max-width&quot;: &quot;&quot;,
&quot;style-mobile-max-width&quot;: &quot;&quot;,
&quot;style-tablet-max-width&quot;: &quot;&quot;
},
{
&quot;style-max-width&quot;: &quot;&quot;,
&quot;style-mobile-max-width&quot;: &quot;&quot;,
&quot;style-tablet-max-width&quot;: &quot;&quot;
},
{
&quot;style-max-width&quot;: &quot;&quot;,
&quot;style-mobile-max-width&quot;: &quot;&quot;,
&quot;style-tablet-max-width&quot;: &quot;&quot;
}
],
&quot;css-mobile-stack-columns&quot;: &quot;true&quot;,
&quot;customId&quot;: &quot;&quot;,
&quot;hidden&quot;: &quot;true&quot;,
&quot;id&quot;: &quot;B8B8BB2CE7EE4605B4F828C14F718E3A&quot;,
&quot;permission_rules&quot;: {&quot;58F9FBEA76264BE037991759BC1645A2&quot;: {}},
&quot;style-text-align&quot;: &quot;center&quot;
}
}],
&quot;properties&quot;: {
&quot;attr-data-events-triggering&quot;: [],
&quot;customId&quot;: &quot;&quot;,
&quot;id&quot;: &quot;7E85C2FFAAB944659DD9D4C8B2938380&quot;,
&quot;permission_rules&quot;: {&quot;58F9FBEA76264BE037991759BC1645A2&quot;: {}},
&quot;style-custom&quot;: &quot;margin-top:20px;&quot;
}
}
],
&quot;properties&quot;: {&quot;id&quot;: &quot;E7778CE5198D4A5872391B7CDC8A2988&quot;}
}],
&quot;properties&quot;: {
&quot;permission_rules&quot;: {&quot;58F9FBEA76264BE037991759BC1645A2&quot;: {}},
&quot;style-custom&quot;: &quot;padding:40px 20px;\noverflow:auto;\nheight:100%;\nalign-self: center;\nheight:calc(100vh - 65px);&quot;,
&quot;style-flex&quot;: &quot;0 0 60%&quot;,
&quot;style-max-width&quot;: &quot;60%&quot;
}
}
],
&quot;properties&quot;: {
&quot;attr-data-events-triggering&quot;: [],
&quot;col-0-style-custom&quot;: &quot;padding:20px;&quot;,
&quot;col-0-style-mobile-display&quot;: &quot;none&quot;,
&quot;col-1-style-custom&quot;: &quot;padding:40px 20px;\noverflow:auto;\nheight:100%;\nalign-self: center;\nheight:calc(100vh - 65px);&quot;,
&quot;columns&quot;: [
{
&quot;style-max-width&quot;: &quot;40%&quot;,
&quot;style-mobile-max-width&quot;: &quot;&quot;,
&quot;style-tablet-max-width&quot;: &quot;&quot;
},
{
&quot;style-max-width&quot;: &quot;60%&quot;,
&quot;style-mobile-max-width&quot;: &quot;&quot;,
&quot;style-tablet-max-width&quot;: &quot;&quot;
}
],
&quot;css-mobile-stack-columns&quot;: &quot;true&quot;,
&quot;customId&quot;: &quot;home_column&quot;,
&quot;id&quot;: &quot;74DC9C5E101D4BB4D955B3B9C5FE48D3&quot;,
&quot;permission_rules&quot;: {&quot;58F9FBEA76264BE037991759BC1645A2&quot;: {}},
&quot;style-custom&quot;: &quot;height:calc(100vh - 65px);\npadding-left:0px;\npadding-right:0px;\noverflow:hidden;&quot;
}
}],
&quot;properties&quot;: {&quot;id&quot;: &quot;up-8C70B71371B942B6D48A7E9B4C1DB8D1&quot;}
}</json>
         <description>v</description>
         <dateCreated class="java.sql.Timestamp">2021-07-12 11:19:40.0 MYT</dateCreated>
         <dateModified class="java.sql.Timestamp">2021-07-12 11:19:40.0 MYT</dateModified>
      </builderDefinition>
      <builderDefinition>
         <id>up-B340C5AA6AC04AED3632307F0C78BB57</id>
         <appId>appcenter</appId>
         <appVersion>1</appVersion>
         <name>App Center</name>
         <type>INTERNAL_USERVIEW_PAGE</type>
         <json>{
&quot;className&quot;: &quot;org.joget.apps.userview.model.UserviewPage&quot;,
&quot;elements&quot;: [
{
&quot;className&quot;: &quot;org.joget.apps.userview.lib.component.ColumnsComponent&quot;,
&quot;elements&quot;: [
{
&quot;className&quot;: &quot;org.joget.apps.userview.lib.component.ColumnComponent&quot;,
&quot;properties&quot;: {
&quot;permission_rules&quot;: {&quot;58F9FBEA76264BE037991759BC1645A2&quot;: {}},
&quot;style-flex&quot;: &quot;0 0 40%&quot;,
&quot;style-max-width&quot;: &quot;40%&quot;,
&quot;style-mobile-display&quot;: &quot;none&quot;
}
},
{
&quot;className&quot;: &quot;org.joget.apps.userview.lib.component.ColumnComponent&quot;,
&quot;elements&quot;: [
{
&quot;className&quot;: &quot;org.joget.apps.userview.lib.component.ContainerComponent&quot;,
&quot;elements&quot;: [
{
&quot;className&quot;: &quot;org.joget.apps.userview.lib.component.ButtonComponent&quot;,
&quot;properties&quot;: {
&quot;attr-data-events-triggering&quot;: [],
&quot;attr-href&quot;: &quot;#&quot;,
&quot;attr-onclick&quot;: &quot;appCreate();return false;&quot;,
&quot;css-display-type&quot;: &quot;btn btn-secondary&quot;,
&quot;customId&quot;: &quot;&quot;,
&quot;id&quot;: &quot;8EFC9D21190A4BFBE31A945826FF6B34&quot;,
&quot;permission_rules&quot;: {&quot;58F9FBEA76264BE037991759BC1645A2&quot;: {}},
&quot;style-margin-right&quot;: &quot;10px&quot;,
&quot;textContent&quot;: &quot;Design New App&quot;
}
},
{
&quot;className&quot;: &quot;org.joget.apps.userview.lib.component.ButtonComponent&quot;,
&quot;properties&quot;: {
&quot;attr-data-events-triggering&quot;: [],
&quot;attr-href&quot;: &quot;#&quot;,
&quot;attr-onclick&quot;: &quot;appImport();return false;&quot;,
&quot;css-display-type&quot;: &quot;btn btn-secondary&quot;,
&quot;customId&quot;: &quot;&quot;,
&quot;id&quot;: &quot;10862931081E4DF47D44CCDFC696CAD6&quot;,
&quot;permission_rules&quot;: {&quot;58F9FBEA76264BE037991759BC1645A2&quot;: {}},
&quot;style-margin-right&quot;: &quot;15px&quot;,
&quot;textContent&quot;: &quot;Import App&quot;
}
},
{
&quot;className&quot;: &quot;org.joget.apps.userview.lib.component.ButtonComponent&quot;,
&quot;properties&quot;: {
&quot;attr-data-events-triggering&quot;: [],
&quot;attr-href&quot;: &quot;#&quot;,
&quot;attr-onclick&quot;: &quot;AdminBar.showQuickOverlay(\&quot;#request.contextPath#/web/desktop/marketplace/app?url=\&quot; + encodeURIComponent(\&quot;https://marketplace.joget.org\&quot;));return false&quot;,
&quot;css-display-type&quot;: &quot;btn btn-secondary&quot;,
&quot;customId&quot;: &quot;&quot;,
&quot;id&quot;: &quot;07863BFB349747ED1A6E45812F7C5F97&quot;,
&quot;permission_rules&quot;: {&quot;58F9FBEA76264BE037991759BC1645A2&quot;: {}},
&quot;textContent&quot;: &quot;Download from Marketplace&quot;
}
}
],
&quot;properties&quot;: {
&quot;attr-data-events-triggering&quot;: [],
&quot;customId&quot;: &quot;&quot;,
&quot;hidden&quot;: &quot;true&quot;,
&quot;id&quot;: &quot;96141190357145C9478235142772AEC5&quot;,
&quot;permission_rules&quot;: {&quot;58F9FBEA76264BE037991759BC1645A2&quot;: {}},
&quot;style-margin-bottom&quot;: &quot;25px&quot;,
&quot;style-text-align&quot;: &quot;center&quot;
}
},
{
&quot;className&quot;: &quot;org.joget.apps.userview.lib.DataListMenu&quot;,
&quot;properties&quot;: {
&quot;buttonPosition&quot;: &quot;bottomLeft&quot;,
&quot;cacheAllLinks&quot;: &quot;&quot;,
&quot;cacheListAction&quot;: &quot;&quot;,
&quot;checkboxPosition&quot;: &quot;left&quot;,
&quot;customFooter&quot;: &quot;&quot;,
&quot;customHeader&quot;: &quot;&quot;,
&quot;customId&quot;: &quot;&quot;,
&quot;datalistId&quot;: &quot;applist&quot;,
&quot;enableOffline&quot;: &quot;&quot;,
&quot;id&quot;: &quot;E5C18215D940446531952A1E1BEC89C7&quot;,
&quot;keyName&quot;: &quot;&quot;,
&quot;label&quot;: &quot;List&quot;,
&quot;permission_rules&quot;: {&quot;58F9FBEA76264BE037991759BC1645A2&quot;: {}},
&quot;rowCount&quot;: &quot;&quot;,
&quot;selectionType&quot;: &quot;multiple&quot;,
&quot;userviewCacheDuration&quot;: &quot;20&quot;,
&quot;userviewCacheScope&quot;: &quot;&quot;
}
},
{
&quot;className&quot;: &quot;org.joget.apps.userview.lib.component.ContainerComponent&quot;,
&quot;elements&quot;: [{
&quot;className&quot;: &quot;org.joget.apps.userview.lib.component.ColumnsComponent&quot;,
&quot;elements&quot;: [
{
&quot;className&quot;: &quot;org.joget.apps.userview.lib.component.ColumnComponent&quot;,
&quot;elements&quot;: [{
&quot;className&quot;: &quot;org.joget.apps.userview.lib.component.ButtonComponent&quot;,
&quot;properties&quot;: {
&quot;attr-data-events-triggering&quot;: [],
&quot;attr-href&quot;: &quot;#request.baseURL#/web/desktop/apps&quot;,
&quot;attr-onclick&quot;: &quot;return AdminBar.showQuickOverlay(&apos;#request.baseURL#/web/desktop/apps&apos;)&quot;,
&quot;attr-target&quot;: &quot;_blank&quot;,
&quot;css-display-type&quot;: &quot;btn btn-link&quot;,
&quot;customId&quot;: &quot;&quot;,
&quot;id&quot;: &quot;9E16BAB415794C50A93752C0CC4139E5&quot;,
&quot;permission_rules&quot;: {&quot;58F9FBEA76264BE037991759BC1645A2&quot;: {}},
&quot;textContent&quot;: &quot;&lt;i class=\&quot;fas fa-th fa-4x\&quot;&gt;&lt;\/i&gt;&lt;br/&gt;&lt;span&gt;All Apps&lt;\/span&gt;&quot;
}
}],
&quot;properties&quot;: {&quot;permission_rules&quot;: {&quot;58F9FBEA76264BE037991759BC1645A2&quot;: {}}}
},
{
&quot;className&quot;: &quot;org.joget.apps.userview.lib.component.ColumnComponent&quot;,
&quot;elements&quot;: [{
&quot;className&quot;: &quot;org.joget.apps.userview.lib.component.ButtonComponent&quot;,
&quot;properties&quot;: {
&quot;attr-data-events-triggering&quot;: [],
&quot;attr-href&quot;: &quot;#request.baseURL#/web/console/directory/users&quot;,
&quot;attr-onclick&quot;: &quot;return AdminBar.showQuickOverlay(&apos;#request.baseURL#/web/console/directory/users&apos;)&quot;,
&quot;attr-target&quot;: &quot;_blank&quot;,
&quot;css-display-type&quot;: &quot;btn btn-link&quot;,
&quot;customId&quot;: &quot;&quot;,
&quot;id&quot;: &quot;85D5BC4789BC407E73C810A3E62A56BF&quot;,
&quot;permission_rules&quot;: {&quot;58F9FBEA76264BE037991759BC1645A2&quot;: {}},
&quot;textContent&quot;: &quot;&lt;i class=\&quot;fas fa-users fa-4x\&quot;&gt;&lt;\/i&gt;&lt;br/&gt;&lt;span&gt;Users&lt;\/span&gt;&quot;
}
}],
&quot;properties&quot;: {&quot;permission_rules&quot;: {&quot;58F9FBEA76264BE037991759BC1645A2&quot;: {}}}
},
{
&quot;className&quot;: &quot;org.joget.apps.userview.lib.component.ColumnComponent&quot;,
&quot;elements&quot;: [{
&quot;className&quot;: &quot;org.joget.apps.userview.lib.component.ButtonComponent&quot;,
&quot;properties&quot;: {
&quot;attr-data-events-triggering&quot;: [],
&quot;attr-href&quot;: &quot;#request.baseURL#/web/console/monitor/running&quot;,
&quot;attr-onclick&quot;: &quot;return AdminBar.showQuickOverlay(&apos;#request.baseURL#/web/console/monitor/running&apos;)&quot;,
&quot;attr-target&quot;: &quot;_blank&quot;,
&quot;css-display-type&quot;: &quot;btn btn-link&quot;,
&quot;customId&quot;: &quot;&quot;,
&quot;id&quot;: &quot;3742A62566E044E5B66AD401715B48A5&quot;,
&quot;permission_rules&quot;: {&quot;58F9FBEA76264BE037991759BC1645A2&quot;: {}},
&quot;textContent&quot;: &quot;&lt;i class=\&quot;fas fa-tachometer-alt fa-4x\&quot;&gt;&lt;\/i&gt;&lt;br/&gt;&lt;span&gt;Monitor&lt;\/span&gt;&quot;
}
}],
&quot;properties&quot;: {
&quot;id&quot;: &quot;4FDECF524FB5476973637C46DB418E25&quot;,
&quot;permission_rules&quot;: {&quot;58F9FBEA76264BE037991759BC1645A2&quot;: {}}
}
},
{
&quot;className&quot;: &quot;org.joget.apps.userview.lib.component.ColumnComponent&quot;,
&quot;elements&quot;: [{
&quot;className&quot;: &quot;org.joget.apps.userview.lib.component.ButtonComponent&quot;,
&quot;properties&quot;: {
&quot;attr-data-events-triggering&quot;: [],
&quot;attr-href&quot;: &quot;#request.baseURL#/web/console/setting/general&quot;,
&quot;attr-onclick&quot;: &quot;return AdminBar.showQuickOverlay(&apos;#request.baseURL#/web/console/setting/general&apos;)&quot;,
&quot;attr-target&quot;: &quot;_blank&quot;,
&quot;css-display-type&quot;: &quot;btn btn-link&quot;,
&quot;customId&quot;: &quot;&quot;,
&quot;id&quot;: &quot;6E40723BE9E046D8FAF201571471F298&quot;,
&quot;permission_rules&quot;: {&quot;58F9FBEA76264BE037991759BC1645A2&quot;: {}},
&quot;textContent&quot;: &quot;&lt;i class=\&quot;fas fa-cogs fa-4x\&quot;&gt;&lt;\/i&gt;&lt;br/&gt;&lt;span&gt;Settings&lt;\/span&gt;&quot;
}
}],
&quot;properties&quot;: {
&quot;id&quot;: &quot;5CA1C8967055456FB71267E70FCE0119&quot;,
&quot;permission_rules&quot;: {&quot;58F9FBEA76264BE037991759BC1645A2&quot;: {}}
}
}
],
&quot;properties&quot;: {
&quot;attr-data-events-triggering&quot;: [],
&quot;columns&quot;: [
{
&quot;style-max-width&quot;: &quot;&quot;,
&quot;style-mobile-max-width&quot;: &quot;&quot;,
&quot;style-tablet-max-width&quot;: &quot;&quot;
},
{
&quot;style-max-width&quot;: &quot;&quot;,
&quot;style-mobile-max-width&quot;: &quot;&quot;,
&quot;style-tablet-max-width&quot;: &quot;&quot;
},
{
&quot;style-max-width&quot;: &quot;&quot;,
&quot;style-mobile-max-width&quot;: &quot;&quot;,
&quot;style-tablet-max-width&quot;: &quot;&quot;
},
{
&quot;style-max-width&quot;: &quot;&quot;,
&quot;style-mobile-max-width&quot;: &quot;&quot;,
&quot;style-tablet-max-width&quot;: &quot;&quot;
}
],
&quot;css-mobile-stack-columns&quot;: &quot;true&quot;,
&quot;customId&quot;: &quot;&quot;,
&quot;hidden&quot;: &quot;true&quot;,
&quot;id&quot;: &quot;B8B8BB2CE7EE4605B4F828C14F718E3A&quot;,
&quot;permission_rules&quot;: {&quot;58F9FBEA76264BE037991759BC1645A2&quot;: {}},
&quot;style-text-align&quot;: &quot;center&quot;
}
}],
&quot;properties&quot;: {
&quot;attr-data-events-triggering&quot;: [],
&quot;customId&quot;: &quot;&quot;,
&quot;id&quot;: &quot;7E85C2FFAAB944659DD9D4C8B2938380&quot;,
&quot;style-custom&quot;: &quot;margin-top:20px;&quot;
}
}
],
&quot;properties&quot;: {
&quot;permission_rules&quot;: {&quot;58F9FBEA76264BE037991759BC1645A2&quot;: {}},
&quot;style-flex&quot;: &quot;0 0 60%&quot;,
&quot;style-max-width&quot;: &quot;60%&quot;
}
}
],
&quot;properties&quot;: {
&quot;attr-data-events-triggering&quot;: [],
&quot;col-0-style-mobile-display&quot;: &quot;none&quot;,
&quot;columns&quot;: [
{
&quot;style-max-width&quot;: &quot;40%&quot;,
&quot;style-mobile-max-width&quot;: &quot;&quot;,
&quot;style-tablet-max-width&quot;: &quot;&quot;
},
{
&quot;style-max-width&quot;: &quot;60%&quot;,
&quot;style-mobile-max-width&quot;: &quot;&quot;,
&quot;style-tablet-max-width&quot;: &quot;&quot;
}
],
&quot;css-mobile-stack-columns&quot;: &quot;true&quot;,
&quot;customId&quot;: &quot;&quot;,
&quot;id&quot;: &quot;74DC9C5E101D4BB4D955B3B9C5FE48D3&quot;,
&quot;permission_rules&quot;: {&quot;58F9FBEA76264BE037991759BC1645A2&quot;: {}}
}
},
{&quot;className&quot;: &quot;menu-component&quot;}
],
&quot;properties&quot;: {&quot;id&quot;: &quot;up-B340C5AA6AC04AED3632307F0C78BB57&quot;}
}</json>
         <description>v</description>
         <dateCreated class="java.sql.Timestamp">2021-07-11 23:22:36.0 MYT</dateCreated>
         <dateModified class="java.sql.Timestamp">2021-07-11 23:22:36.0 MYT</dateModified>
      </builderDefinition>
   </builderDefinitionList-->
   <pluginDefaultPropertiesList/>
   <environmentVariableList/>
   <messageList>
      <message>
         <id>&lt;i class=&apos;fa fa-home&apos;&gt;&lt;/i&gt; Home_zh_CN</id>
         <appId>appcenter</appId>
         <appVersion>1</appVersion>
         <messageKey>&lt;i class=&apos;fa fa-home&apos;&gt;&lt;/i&gt; Home</messageKey>
         <locale>zh_CN</locale>
         <message>&lt;i class=&apos;fa fa-home&apos;&gt;&lt;/i&gt; 首页</message>
      </message>
      <message>
         <id>&lt;i class=&apos;fa fa-home&apos;&gt;&lt;/i&gt; Home_zh_TW</id>
         <appId>appcenter</appId>
         <appVersion>1</appVersion>
         <messageKey>&lt;i class=&apos;fa fa-home&apos;&gt;&lt;/i&gt; Home</messageKey>
         <locale>zh_TW</locale>
         <message>&lt;i class=&apos;fa fa-home&apos;&gt;&lt;/i&gt; 首頁</message>
      </message>
      <message>
         <id>App Center_zh_CN</id>
         <appId>appcenter</appId>
         <appVersion>1</appVersion>
         <messageKey>App Center</messageKey>
         <locale>zh_CN</locale>
         <message>应用中心</message>
      </message>
      <message>
         <id>App Center_zh_TW</id>
         <appId>appcenter</appId>
         <appVersion>1</appVersion>
         <messageKey>App Center</messageKey>
         <locale>zh_TW</locale>
         <message>應用中心</message>
      </message>
      <message>
         <id>Design New App_zh_CN</id>
         <appId>appcenter</appId>
         <appVersion>1</appVersion>
         <messageKey>Design New App</messageKey>
         <locale>zh_CN</locale>
         <message>设计新应用程序</message>
      </message>
      <message>
         <id>Design New App_zh_TW</id>
         <appId>appcenter</appId>
         <appVersion>1</appVersion>
         <messageKey>Design New App</messageKey>
         <locale>zh_TW</locale>
         <message>設計新應用程序</message>
      </message>
      <message>
         <id>Download from Marketplace_zh_CN</id>
         <appId>appcenter</appId>
         <appVersion>1</appVersion>
         <messageKey>Download from Marketplace</messageKey>
         <locale>zh_CN</locale>
         <message>应用市场</message>
      </message>
      <message>
         <id>Download from Marketplace_zh_TW</id>
         <appId>appcenter</appId>
         <appVersion>1</appVersion>
         <messageKey>Download from Marketplace</messageKey>
         <locale>zh_TW</locale>
         <message>應用市場</message>
      </message>
      <message>
         <id>Faster, Simpler Digital Transformation_zh_CN</id>
         <appId>appcenter</appId>
         <appVersion>1</appVersion>
         <messageKey>Faster, Simpler Digital Transformation</messageKey>
         <locale>zh_CN</locale>
         <message>更快, 更简单地实现 企业数字化转型</message>
      </message>
      <message>
         <id>Faster, Simpler Digital Transformation_zh_TW</id>
         <appId>appcenter</appId>
         <appVersion>1</appVersion>
         <messageKey>Faster, Simpler Digital Transformation</messageKey>
         <locale>zh_TW</locale>
         <message>更快, 更簡單地實現 企業數字化轉型</message>
      </message>
      <message>
         <id>Import App_zh_CN</id>
         <appId>appcenter</appId>
         <appVersion>1</appVersion>
         <messageKey>Import App</messageKey>
         <locale>zh_CN</locale>
         <message>导入应用</message>
      </message>
      <message>
         <id>Import App_zh_TW</id>
         <appId>appcenter</appId>
         <appVersion>1</appVersion>
         <messageKey>Import App</messageKey>
         <locale>zh_TW</locale>
         <message>導入應用</message>
      </message>
      <message>
         <id>Powered by Joget_zh_CN</id>
         <appId>appcenter</appId>
         <appVersion>1</appVersion>
         <messageKey>Powered by Joget</messageKey>
         <locale>zh_CN</locale>
         <message>由Joget技术支持</message>
      </message>
      <message>
         <id>Powered by Joget_zh_TW</id>
         <appId>appcenter</appId>
         <appVersion>1</appVersion>
         <messageKey>Powered by Joget</messageKey>
         <locale>zh_TW</locale>
         <message>由Joget技術支持</message>
      </message>
      <message>
         <id>Published Apps_zh_CN</id>
         <appId>appcenter</appId>
         <appVersion>1</appVersion>
         <messageKey>Published Apps</messageKey>
         <locale>zh_CN</locale>
         <message>本地已发布</message>
      </message>
      <message>
         <id>Published Apps_zh_TW</id>
         <appId>appcenter</appId>
         <appVersion>1</appVersion>
         <messageKey>Published Apps</messageKey>
         <locale>zh_TW</locale>
         <message>本地已發布</message>
      </message>
   </messageList>   <!--resourceList>
      <appResource>
         <id>background-beach.jpg</id>
         <appId>appcenter</appId>
         <appVersion>1</appVersion>
         <filesize>190718</filesize>
         <permissionProperties>{&quot;hashvariable&quot;:&quot;#appResource.background-beach.jpg#&quot;,&quot;permission&quot;:{&quot;className&quot;:&quot;&quot;,&quot;properties&quot;:{}}}</permissionProperties>
      </appResource>
      <appResource>
         <id>background-city.jpg</id>
         <appId>appcenter</appId>
         <appVersion>1</appVersion>
         <filesize>195420</filesize>
         <permissionProperties>{&quot;hashvariable&quot;:&quot;#appResource.background-city.jpg#&quot;,&quot;permission&quot;:{&quot;className&quot;:&quot;&quot;,&quot;properties&quot;:{}}}</permissionProperties>
      </appResource>
      <appResource>
         <id>background-industrial.jpg</id>
         <appId>appcenter</appId>
         <appVersion>1</appVersion>
         <filesize>208549</filesize>
         <permissionProperties>{&quot;hashvariable&quot;:&quot;#appResource.background-industrial.jpg#&quot;,&quot;permission&quot;:{&quot;className&quot;:&quot;&quot;,&quot;properties&quot;:{}}}</permissionProperties>
      </appResource>
      <appResource>
         <id>banner.png</id>
         <appId>appcenter</appId>
         <appVersion>1</appVersion>
         <filesize>396721</filesize>
         <permissionProperties>{&quot;hashvariable&quot;:&quot;#appResource.banner.png#&quot;,&quot;permission&quot;:{&quot;className&quot;:&quot;&quot;,&quot;properties&quot;:{}}}</permissionProperties>
      </appResource>
      <appResource>
         <id>logo.png</id>
         <appId>appcenter</appId>
         <appVersion>1</appVersion>
         <filesize>6666</filesize>
         <permissionClass></permissionClass>
         <permissionProperties>{&quot;hashvariable&quot;:&quot;#appResource.logo.png#&quot;,&quot;permission&quot;:{&quot;className&quot;:&quot;&quot;,&quot;properties&quot;:{}}}</permissionProperties>
      </appResource>
   </resourceList-->
   <license>oRIgWuw8ed5OmS98TSZFxocskOFXU0v3VPneM0k80NqSBK2r6RhNzTNTryZkuj4W</license>
</appDefinition>