<appDefinition>
   <id>appcenter</id>
   <version>9</version>
   <name>App Center</name>
   <dateCreated class="java.sql.Timestamp">2016-11-07 01:52:47.0 GMT</dateCreated>
   <dateModified class="java.sql.Timestamp">2016-11-07 15:23:55.0 GMT</dateModified>
   <packageDefinitionList/>
  <formDefinitionList>
      <formDefinition>
         <id>landing</id>
         <appId>appcenter</appId>
         <appVersion>9</appVersion>
         <name>Landing Form</name>
         <tableName>appcenter</tableName>
         <json>{&quot;className&quot;:&quot;org.joget.apps.form.model.Form&quot;,&quot;properties&quot;:{&quot;loadBinder&quot;:{&quot;className&quot;:&quot;org.joget.apps.form.lib.WorkflowFormBinder&quot;},&quot;name&quot;:&quot;Landing Form&quot;,&quot;description&quot;:&quot;&quot;,&quot;id&quot;:&quot;landing&quot;,&quot;storeBinder&quot;:{&quot;className&quot;:&quot;org.joget.apps.form.lib.WorkflowFormBinder&quot;},&quot;tableName&quot;:&quot;appcenter&quot;},&quot;elements&quot;:[{&quot;elements&quot;:[{&quot;elements&quot;:[{&quot;className&quot;:&quot;org.joget.apps.form.lib.CustomHTML&quot;,&quot;properties&quot;:{&quot;id&quot;:&quot;appcenter_banner&quot;,&quot;value&quot;:&quot;&lt;style&gt;\n/* banner */\ndiv#appcenter_banner {\n    margin-bottom: 30px;\n    height: 240px;\n    background: url(https://c6.staticflickr.com/4/3919/14834287149_be70567d60_k.jpg) no-repeat;\n    background-size: cover;\n    padding: 20px;\n    text-align: center;\n    font-size: 30px;\n    font-family: inherit;\n    color: white;\n}\n&lt;/style&gt;\n&lt;div id=\&quot;appcenter_banner\&quot;&gt;App Center&lt;/div&gt;&quot;,&quot;label&quot;:&quot;&quot;,&quot;autoPopulate&quot;:&quot;&quot;}}],&quot;className&quot;:&quot;org.joget.apps.form.model.Column&quot;,&quot;properties&quot;:{&quot;width&quot;:&quot;100%&quot;}}],&quot;className&quot;:&quot;org.joget.apps.form.model.Section&quot;,&quot;properties&quot;:{&quot;visibilityControl&quot;:&quot;&quot;,&quot;regex&quot;:&quot;&quot;,&quot;loadBinder&quot;:{&quot;className&quot;:&quot;&quot;,&quot;properties&quot;:{}},&quot;permission&quot;:{&quot;className&quot;:&quot;&quot;,&quot;properties&quot;:{}},&quot;id&quot;:&quot;section1&quot;,&quot;label&quot;:&quot;&quot;,&quot;storeBinder&quot;:{&quot;className&quot;:&quot;&quot;,&quot;properties&quot;:{}},&quot;visibilityValue&quot;:&quot;&quot;}},{&quot;elements&quot;:[{&quot;elements&quot;:[{&quot;className&quot;:&quot;org.joget.apps.form.lib.CustomHTML&quot;,&quot;properties&quot;:{&quot;autoPopulate&quot;:&quot;&quot;,&quot;id&quot;:&quot;admin_div&quot;,&quot;label&quot;:&quot;&quot;,&quot;value&quot;:&quot;&lt;style&gt;\n#appcenter_admin {\n    position: relative;\n    top: 0px;\n    text-align: center;\n}\n#admin_section, #admin_section .form-column, #admin_section .form-cell, #admin_section .form-cell-value {\n    padding: 0px;\n    margin: 0px;\n    height: 0px;\n}\n#appcenter_admin a {\n    background: white;\n    border: solid 1px #ddd;\n    cursor: pointer;\n    text-decoration: none;\n    color: #555;\n    margin-right: 5px;\n    padding: 10px;\n    box-shadow: 0 1px 1.5px 1px rgba(0,0,0,.12);\n    border-radius: 4px;\n    font-size: 14px;\n    font-weight: 400;\n    line-height: 1.42857143;\n    display: inline-block;\n}\n@media (max-width:767px) {\n    #appcenter_admin {\n        top: -10px;\n    }\n    #appcenter_admin a {\n        margin-top: -20px;\n        margin-bottom: 20px;\n    }\n}\n&lt;/style&gt;\n&lt;div id=\&quot;appcenter_admin\&quot;&gt;\n    &lt;a href=\&quot;#\&quot; onclick=\&quot;appCreate();return false\&quot;&gt;Design New App&lt;/a&gt;\n    &lt;a href=\&quot;#\&quot; onclick=\&quot;appImport();return false\&quot;&gt;Import App&lt;/a&gt;\n    &lt;a href=\&quot;#\&quot; onclick=&apos;AdminBar.showQuickOverlay(\&quot;/jw/web/desktop/marketplace/app?url=\&quot; + encodeURIComponent(\&quot;https://marketplace.joget.org\&quot;));return false&apos;&gt;Download from Marketplace&lt;/a&gt;\n&lt;/div&gt;&quot;}}],&quot;className&quot;:&quot;org.joget.apps.form.model.Column&quot;,&quot;properties&quot;:{&quot;width&quot;:&quot;100%&quot;}}],&quot;className&quot;:&quot;org.joget.apps.form.model.Section&quot;,&quot;properties&quot;:{&quot;visibilityControl&quot;:&quot;&quot;,&quot;regex&quot;:&quot;&quot;,&quot;loadBinder&quot;:{&quot;className&quot;:&quot;&quot;,&quot;properties&quot;:{}},&quot;permission&quot;:{&quot;className&quot;:&quot;org.joget.plugin.enterprise.AdminUserviewPermission&quot;,&quot;properties&quot;:{}},&quot;id&quot;:&quot;admin_section&quot;,&quot;label&quot;:&quot;&quot;,&quot;storeBinder&quot;:{&quot;className&quot;:&quot;&quot;,&quot;properties&quot;:{}},&quot;visibilityValue&quot;:&quot;&quot;}}]}</json>
         <!--description></description-->
         <dateCreated class="java.sql.Timestamp">2016-11-07 01:52:50.0 GMT</dateCreated>
         <dateModified class="java.sql.Timestamp">2016-11-07 15:20:34.0 GMT</dateModified>
      </formDefinition>
  </formDefinitionList>
   <userviewDefinitionList>
      <userviewDefinition>
         <id>v</id>
         <appId>appcenter</appId>
         <appVersion>9</appVersion>
         <name>App Center</name>
         <description></description>
         <json>{&quot;className&quot;:&quot;org.joget.apps.userview.model.Userview&quot;,&quot;properties&quot;:{&quot;id&quot;:&quot;v&quot;,&quot;name&quot;:&quot;App Center&quot;,&quot;description&quot;:&quot;&quot;,&quot;welcomeMessage&quot;:&quot;#date.EEE, d MMM yyyy#&quot;,&quot;logoutText&quot;:&quot;Logout&quot;,&quot;footerMessage&quot;:&quot;Powered by Joget&quot;},&quot;setting&quot;:{&quot;properties&quot;:{&quot;theme&quot;:{&quot;className&quot;:&quot;org.joget.plugin.enterprise.CorporatiTheme&quot;,&quot;properties&quot;:{&quot;colorScheme&quot;:&quot;silver&quot;,&quot;cssUrl&quot;:&quot;&quot;,&quot;css&quot;:&quot;div#page {\n    min-width: inherit;\n}\ndiv#main {\n    left: 0px;\n    top: 149px;\n    width: 100%;\n}\ndiv#content {\n    width: 100%;\n}\ndiv#navigation {\n    display: none;\n}\ndiv#appcenter_banner {\n    padding-top 60px;\n    height: 200px;\n}\ndiv#search {\n    margin-top: 200px;\n}\ndiv#apps {\n    width: 85%;\n    margin: auto;\n}\ndiv.app-summary {\n    visibility: hidden;\n}\na.app-link {\n    text-decoration: none;\n}\n&quot;,&quot;js&quot;:&quot;&quot;,&quot;collapsibleMenu&quot;:&quot;&quot;,&quot;customHeader&quot;:&quot;&quot;,&quot;customBanner&quot;:&quot;&quot;,&quot;loginPageTop&quot;:&quot;&quot;,&quot;loginPageBottom&quot;:&quot;&quot;,&quot;mobileViewDisabled&quot;:&quot;&quot;,&quot;mobileCacheEnabled&quot;:&quot;&quot;,&quot;mobileLoginRequired&quot;:&quot;&quot;,&quot;mobileViewBackgroundUrl&quot;:&quot;&quot;,&quot;mobileViewBackgroundColor&quot;:&quot;&quot;,&quot;mobileViewBackgroundStyle&quot;:&quot;repeat&quot;,&quot;mobileViewTranslucent&quot;:&quot;true&quot;,&quot;mobileViewLogoUrl&quot;:&quot;&quot;,&quot;mobileViewLogoWidth&quot;:&quot;&quot;,&quot;mobileViewLogoHeight&quot;:&quot;&quot;,&quot;mobileViewLogoAlign&quot;:&quot;left&quot;,&quot;mobileViewCustomCss&quot;:&quot;&quot;}},&quot;userviewDescription&quot;:&quot;&quot;,&quot;hideThisUserviewInAppCenter&quot;:&quot;true&quot;,&quot;permission&quot;:{&quot;className&quot;:&quot;&quot;,&quot;properties&quot;:{}}}},&quot;categories&quot;:[{&quot;className&quot;:&quot;org.joget.apps.userview.model.UserviewCategory&quot;,&quot;properties&quot;:{&quot;id&quot;:&quot;category-EE74E4F4426241BD9BC3BC73B1D24AC7&quot;,&quot;label&quot;:&quot;&lt;i class=&apos;icon-home&apos;&gt;&lt;\/i&gt; Home&quot;},&quot;menus&quot;:[{&quot;className&quot;:&quot;org.joget.apps.userview.lib.FormMenu&quot;,&quot;properties&quot;:{&quot;id&quot;:&quot;28F7ADF73F204C8BBAAD32CF26587AE2&quot;,&quot;customId&quot;:&quot;home&quot;,&quot;label&quot;:&quot;Published Apps&quot;,&quot;formId&quot;:&quot;landing&quot;,&quot;showInPopupDialog&quot;:&quot;&quot;,&quot;readonly&quot;:&quot;&quot;,&quot;readonlyLabel&quot;:&quot;&quot;,&quot;messageShowAfterComplete&quot;:&quot;&quot;,&quot;redirectUrlAfterComplete&quot;:&quot;&quot;,&quot;redirectUrlOnCancel&quot;:&quot;&quot;,&quot;redirectTargetOnCancel&quot;:&quot;top&quot;,&quot;fieldPassover&quot;:&quot;&quot;,&quot;fieldPassoverMethod&quot;:&quot;append&quot;,&quot;paramName&quot;:&quot;&quot;,&quot;submitButtonLabel&quot;:&quot;&quot;,&quot;cancelButtonLabel&quot;:&quot;&quot;,&quot;customHeader&quot;:&quot;&lt;link rel=\&quot;stylesheet\&quot; href=\&quot;\/jw\/css\/appCenter.css\&quot; \/&gt;&quot;,&quot;customFooter&quot;:&quot;&lt;div id=\&quot;search\&quot;&gt;&lt;\/div&gt;\n&lt;div id=\&quot;apps\&quot;&gt;&lt;\/div&gt;\n&lt;p&gt;\n&lt;script src=\&quot;\/jw\/js\/appCenter.js\&quot;&gt;&lt;\/script&gt;\n&lt;script&gt;\nAppCenter.searchFilter($(\&quot;#search\&quot;), $(\&quot;#apps\&quot;)); \nAppCenter.loadPublishedApps(\&quot;#apps\&quot;);\n&lt;\/script&gt;\n&lt;\/p&gt;&quot;,&quot;keyName&quot;:&quot;&quot;,&quot;loadDataWithKey&quot;:&quot;&quot;,&quot;userviewCacheScope&quot;:&quot;&quot;,&quot;userviewCacheDuration&quot;:&quot;20&quot;}}]},{&quot;className&quot;:&quot;org.joget.apps.userview.model.UserviewCategory&quot;,&quot;properties&quot;:{&quot;id&quot;:&quot;category-917702582FA943698452CEF7E89B9131&quot;,&quot;label&quot;:&quot;&lt;i class=&apos;icon-question-sign&apos;&gt;&lt;\/i&gt; Help&quot;,&quot;hide&quot;:&quot;yes&quot;,&quot;permission&quot;:{&quot;className&quot;:&quot;&quot;,&quot;properties&quot;:{}}},&quot;menus&quot;:[{&quot;className&quot;:&quot;org.joget.apps.userview.lib.HtmlPage&quot;,&quot;properties&quot;:{&quot;id&quot;:&quot;3FE63699CC6A454D9CF43024D797F83D&quot;,&quot;customId&quot;:&quot;&quot;,&quot;label&quot;:&quot;Help&quot;,&quot;content&quot;:&quot;&lt;p&gt;Help&lt;\/p&gt;&quot;}}]},{&quot;className&quot;:&quot;org.joget.apps.userview.model.UserviewCategory&quot;,&quot;properties&quot;:{&quot;id&quot;:&quot;category-9CBA3EC5BFED4604B018D7D40466A3AB&quot;,&quot;label&quot;:&quot;&lt;i class=&apos;icon-user&apos;&gt;&lt;\/i&gt; Profile&quot;,&quot;hide&quot;:&quot;yes&quot;,&quot;permission&quot;:{&quot;className&quot;:&quot;&quot;,&quot;properties&quot;:{}}},&quot;menus&quot;:[{&quot;className&quot;:&quot;org.joget.plugin.enterprise.UserProfileMenu&quot;,&quot;properties&quot;:{&quot;id&quot;:&quot;845BE842A9ED43289B1C348C58A6E44C&quot;,&quot;label&quot;:&quot;User Profile&quot;}}]}]}</json>
         <dateCreated class="java.sql.Timestamp">2016-11-07 01:52:50.0 GMT</dateCreated>
         <dateModified class="java.sql.Timestamp">2016-11-07 16:02:41.0 GMT</dateModified>
      </userviewDefinition>
   </userviewDefinitionList>
   <datalistDefinitionList/>
   <pluginDefaultPropertiesList/>
   <environmentVariableList/>
   <messageList>
      <message>
         <id>App Center_en_US</id>
         <appId>appcenter</appId>
         <appVersion>9</appVersion>
         <messageKey>App Center</messageKey>
         <locale>en_US</locale>
         <message>App Center (Translated)</message>
      </message>
      <message>
         <id>Form Title_en_US</id>
         <appId>appcenter</appId>
         <appVersion>9</appVersion>
         <messageKey>Form Title</messageKey>
         <locale>en_US</locale>
         <message>Form Title (Translated)</message>
      </message>
      <message>
         <id>Help_ms</id>
         <appId>appcenter</appId>
         <appVersion>9</appVersion>
         <messageKey>Help</messageKey>
         <locale>ms</locale>
         <message>Bantuan</message>
      </message>
      <message>
         <id>More Info_en_US</id>
         <appId>appcenter</appId>
         <appVersion>9</appVersion>
         <messageKey>More Info</messageKey>
         <locale>en_US</locale>
         <message>More Info?</message>
      </message>
   </messageList>   <license>oRIgWuw8ed5OmS98TSZFxocskOFXU0v3VPneM0k80NqSBK2r6RhNzTNTryZkuj4W</license>
   <!--description>7 Nov 2016: Refactored JS and CSS into platform files
7 Nov 2016: Apps display as grid in mobile
7 Nov 2016: Updated banner, menu and colors
4 Nov 2016: Expanded banner
3 Nov 2016: Renamed Home menu to Published Apps, and hid empty Help menu
17 Aug 2016: Updated to v6 Universal Theme
16 Aug 2016: Updated banner image and userview loading URL
2 Jun 2016: Updated design with colors and background images
2 Jun 2016: Added Design App, Import App and Download from Marketplace functionality
29 Apr 2016: Added userview design button on hover</description-->
</appDefinition>