<appDefinition>
   <id>appcenter</id>
   <version>6</version>
   <name>App Center</name>
   <dateCreated class="java.sql.Timestamp">2016-11-02 20:27:53.0 GMT</dateCreated>
   <dateModified class="java.sql.Timestamp">2016-11-03 07:52:21.0 GMT</dateModified>
   <packageDefinitionList/>
  <formDefinitionList>
      <formDefinition>
         <id>landing</id>
         <appId>appcenter</appId>
         <appVersion>6</appVersion>
         <name>Landing Form</name>
         <tableName>appcenter</tableName>
         <json>{&quot;className&quot;:&quot;org.joget.apps.form.model.Form&quot;,&quot;properties&quot;:{&quot;id&quot;:&quot;landing&quot;,&quot;loadBinder&quot;:{&quot;className&quot;:&quot;org.joget.apps.form.lib.WorkflowFormBinder&quot;},&quot;description&quot;:&quot;&quot;,&quot;tableName&quot;:&quot;appcenter&quot;,&quot;name&quot;:&quot;Landing Form&quot;,&quot;storeBinder&quot;:{&quot;className&quot;:&quot;org.joget.apps.form.lib.WorkflowFormBinder&quot;}},&quot;elements&quot;:[{&quot;elements&quot;:[{&quot;elements&quot;:[{&quot;className&quot;:&quot;org.joget.apps.form.lib.CustomHTML&quot;,&quot;properties&quot;:{&quot;id&quot;:&quot;appcenter_banner&quot;,&quot;autoPopulate&quot;:&quot;&quot;,&quot;value&quot;:&quot;&lt;style&gt;\n/* app center */\n#apps li {\n    float: left;\n    width: 300px;\n    display: inline-block;\n    margin-bottom: 20px;\n}\n#apps span.app-icon {\n    display: inline-block;\n    height: 150px;\n    overflow: hidden;\n}\ndiv.app-description {\n    display: none;\n}\ndiv.app-summary {\n    background-color: #eeeeee; \n    display: none; \n    position: absolute; \n    width: 200px; \n    height: 110px;\n    padding: 20px;\n    text-align: center;\n}\n#search {\n    margin: -10px auto 20px;\n    width: 165px;\n}\n\n/* mac app store style */\n#apps li {\n    float: left;\n    width: 280px;\n    display: inline-block;\n    margin-bottom: 20px;\n    margin-right: 20px;\n}\n#apps span.app-icon {\n    display: inline-block;\n    height: 60px;\n    overflow: hidden;\n    float: left;\n    width: 100px;\n    margin-right: 10px;\n    border: solid 1px #555;\n}\n#apps img {\n    width: 100%;\n}\ndiv.app-summary {\n    background-color: #eeeeee; \n    display: none; \n    position: absolute; \n    width: 80px; \n    height: 40px;\n    padding: 10px;\n    text-align: center;\n    overflow: hidden;\n}\n\n/* banner */\n#appcenter_banner {\n    margin-bottom: 30px;\n    height: 240px;\n    background: url(https://pixabay.com/static/uploads/photo/2016/03/26/09/42/internet-1280259_960_720.jpg);\n    background: url(https://pixabay.com/static/uploads/photo/2016/04/14/07/56/icon-1328421_960_720.jpg);\n    background: url(https://pixabay.com/static/uploads/photo/2015/01/21/14/14/freelancer-606762_960_720.jpg);\n    background: url(https://pixabay.com/static/uploads/photo/2016/02/22/12/27/note-pad-1215425_960_720.jpg);\n    background: url(//www.joget.org/wp-content/uploads/2016/08/appcenter_banner.jpg);\n    background-size: cover;\n    padding: 20px;\n    text-align: center;\n    font-size: 30px;\n    font-family: monospace;\n    color: white; \n}\na.print-button {\n    display: none;\n}\n&lt;/style&gt;\n&lt;div id=\&quot;appcenter_banner\&quot;&gt;App Center&lt;/div&gt;&quot;,&quot;label&quot;:&quot;&quot;}}],&quot;className&quot;:&quot;org.joget.apps.form.model.Column&quot;,&quot;properties&quot;:{&quot;width&quot;:&quot;100%&quot;}}],&quot;className&quot;:&quot;org.joget.apps.form.model.Section&quot;,&quot;properties&quot;:{&quot;id&quot;:&quot;section1&quot;,&quot;loadBinder&quot;:{&quot;className&quot;:&quot;&quot;,&quot;properties&quot;:{}},&quot;visibilityControl&quot;:&quot;&quot;,&quot;regex&quot;:&quot;&quot;,&quot;visibilityValue&quot;:&quot;&quot;,&quot;storeBinder&quot;:{&quot;className&quot;:&quot;&quot;,&quot;properties&quot;:{}},&quot;permission&quot;:{&quot;className&quot;:&quot;&quot;,&quot;properties&quot;:{}},&quot;label&quot;:&quot;&quot;}},{&quot;elements&quot;:[{&quot;elements&quot;:[{&quot;className&quot;:&quot;org.joget.apps.form.lib.CustomHTML&quot;,&quot;properties&quot;:{&quot;id&quot;:&quot;admin_div&quot;,&quot;value&quot;:&quot;&lt;style&gt;\n#appcenter_admin {\n    position: relative;\n    top: -80px;\n    text-align: center;\n}\n#appcenter_admin a {\n    padding: 4px;\n    background: white;\n    border: solid 1px #ddd;\n    cursor: pointer;\n    text-decoration: none;\n    color: #555;\n    margin-right: 5px;\n}\n#admin_section, #admin_section .form-column, #admin_section .form-cell, #admin_section .form-cell-value {\n    padding: 0px;\n    margin: 0px;\n    height: 0px;\n}\n#search input.filterinput {\n    height: auto;\n}\n&lt;/style&gt;\n&lt;div id=\&quot;appcenter_admin\&quot;&gt;\n    &lt;a href=\&quot;#\&quot; onclick=\&quot;appCreate();return false\&quot;&gt;Design New App&lt;/a&gt;\n    &lt;a href=\&quot;#\&quot; onclick=\&quot;appImport();return false\&quot;&gt;Import App&lt;/a&gt;\n    &lt;a href=\&quot;#\&quot; onclick=&apos;AdminBar.showQuickOverlay(\&quot;/jw/web/desktop/marketplace/app?url=\&quot; + encodeURIComponent(\&quot;https://marketplace.joget.org\&quot;));return false&apos;&gt;Download from Marketplace&lt;/a&gt;\n&lt;/div&gt;&quot;,&quot;label&quot;:&quot;&quot;,&quot;autoPopulate&quot;:&quot;&quot;}}],&quot;className&quot;:&quot;org.joget.apps.form.model.Column&quot;,&quot;properties&quot;:{&quot;width&quot;:&quot;100%&quot;}}],&quot;className&quot;:&quot;org.joget.apps.form.model.Section&quot;,&quot;properties&quot;:{&quot;id&quot;:&quot;admin_section&quot;,&quot;loadBinder&quot;:{&quot;className&quot;:&quot;&quot;,&quot;properties&quot;:{}},&quot;visibilityControl&quot;:&quot;&quot;,&quot;regex&quot;:&quot;&quot;,&quot;visibilityValue&quot;:&quot;&quot;,&quot;storeBinder&quot;:{&quot;className&quot;:&quot;&quot;,&quot;properties&quot;:{}},&quot;permission&quot;:{&quot;className&quot;:&quot;org.joget.plugin.enterprise.AdminUserviewPermission&quot;,&quot;properties&quot;:{}},&quot;label&quot;:&quot;&quot;}}]}</json>
         <dateCreated class="java.sql.Timestamp">2016-11-02 20:27:55.0 GMT</dateCreated>
         <dateModified class="java.sql.Timestamp">2016-11-02 20:27:55.0 GMT</dateModified>
      </formDefinition>
  </formDefinitionList>
   <userviewDefinitionList>
      <userviewDefinition>
         <id>v</id>
         <appId>appcenter</appId>
         <appVersion>6</appVersion>
         <name>App Center</name>
         <description></description>
         <json>{&quot;className&quot;:&quot;org.joget.apps.userview.model.Userview&quot;,&quot;properties&quot;:{&quot;id&quot;:&quot;v&quot;,&quot;name&quot;:&quot;App Center&quot;,&quot;description&quot;:&quot;&quot;,&quot;welcomeMessage&quot;:&quot;#date.EEE, d MMM yyyy#&quot;,&quot;logoutText&quot;:&quot;Logout&quot;,&quot;footerMessage&quot;:&quot;Powered by Joget&quot;},&quot;setting&quot;:{&quot;properties&quot;:{&quot;theme&quot;:{&quot;className&quot;:&quot;org.joget.plugin.enterprise.UniversalTheme&quot;,&quot;properties&quot;:{&quot;horizontal_menu&quot;:&quot;true&quot;,&quot;themeScheme&quot;:&quot;light&quot;,&quot;primaryColor&quot;:&quot;BLUE_GREY&quot;,&quot;accentColor&quot;:&quot;BLUE&quot;,&quot;fontColor&quot;:&quot;WHITE&quot;,&quot;fav_icon&quot;:&quot;&quot;,&quot;css&quot;:&quot;&quot;,&quot;js&quot;:&quot;&quot;,&quot;profile&quot;:&quot;&quot;,&quot;inbox&quot;:&quot;current&quot;,&quot;shortcutLinkLabel&quot;:&quot;Shortcut&quot;,&quot;shortcut&quot;:[],&quot;enableRepsonsiveSwitch&quot;:&quot;true&quot;,&quot;removeAssignmentTitle&quot;:&quot;&quot;}},&quot;mobileViewDisabled&quot;:&quot;true&quot;,&quot;userviewDescription&quot;:&quot;&quot;,&quot;hideThisUserviewInAppCenter&quot;:&quot;true&quot;,&quot;permission&quot;:{&quot;className&quot;:&quot;&quot;,&quot;properties&quot;:{}},&quot;loginPageTop&quot;:&quot;&quot;,&quot;loginPageBottom&quot;:&quot;&quot;,&quot;mobileCacheEnabled&quot;:&quot;&quot;,&quot;mobileLoginRequired&quot;:&quot;&quot;,&quot;mobileViewBackgroundUrl&quot;:&quot;&quot;,&quot;mobileViewBackgroundColor&quot;:&quot;&quot;,&quot;mobileViewBackgroundStyle&quot;:&quot;repeat&quot;,&quot;mobileViewTranslucent&quot;:&quot;true&quot;,&quot;mobileViewLogoUrl&quot;:&quot;&quot;,&quot;mobileViewLogoWidth&quot;:&quot;&quot;,&quot;mobileViewLogoHeight&quot;:&quot;&quot;,&quot;mobileViewLogoAlign&quot;:&quot;left&quot;,&quot;mobileViewCustomCss&quot;:&quot;&quot;}},&quot;categories&quot;:[{&quot;className&quot;:&quot;org.joget.apps.userview.model.UserviewCategory&quot;,&quot;properties&quot;:{&quot;id&quot;:&quot;category-EE74E4F4426241BD9BC3BC73B1D24AC7&quot;,&quot;label&quot;:&quot;&lt;i class=&apos;icon-home&apos;&gt;&lt;\/i&gt; Home&quot;},&quot;menus&quot;:[{&quot;className&quot;:&quot;org.joget.apps.userview.lib.FormMenu&quot;,&quot;properties&quot;:{&quot;id&quot;:&quot;28F7ADF73F204C8BBAAD32CF26587AE2&quot;,&quot;customId&quot;:&quot;landing&quot;,&quot;label&quot;:&quot;Published Apps&quot;,&quot;formId&quot;:&quot;landing&quot;,&quot;showInPopupDialog&quot;:&quot;&quot;,&quot;readonly&quot;:&quot;&quot;,&quot;readonlyLabel&quot;:&quot;&quot;,&quot;messageShowAfterComplete&quot;:&quot;&quot;,&quot;redirectUrlAfterComplete&quot;:&quot;&quot;,&quot;redirectUrlOnCancel&quot;:&quot;&quot;,&quot;redirectTargetOnCancel&quot;:&quot;top&quot;,&quot;fieldPassover&quot;:&quot;&quot;,&quot;fieldPassoverMethod&quot;:&quot;append&quot;,&quot;paramName&quot;:&quot;&quot;,&quot;submitButtonLabel&quot;:&quot;&quot;,&quot;cancelButtonLabel&quot;:&quot;&quot;,&quot;customHeader&quot;:&quot;&lt;style&gt;\n    #section-actions {\n        display: none;\n    }\n    .app-design-button {\n        cursor: pointer;\n        background: #37C8A9;\n        padding: 4px;\n        color: white;\n        border-radius: 12px;\n        top: 8px;\n        position: relative;\n        display: none;\n        box-shadow: #666 1px 1px 2px 0px;\n    }    \n&lt;\/style&gt;&quot;,&quot;customFooter&quot;:&quot;&lt;div id=\&quot;search\&quot;&gt;&lt;\/div&gt;\n&lt;div id=\&quot;apps\&quot;&gt;&lt;\/div&gt;\n&lt;p&gt;\n&lt;script type=\&quot;text\/javascript\&quot;&gt;\/\/ &lt;![CDATA[\n    jQuery.expr[&apos;:&apos;].Contains = function(a,i,m){ \n        return (a.textContent || a.innerText || \&quot;\&quot;).toUpperCase().indexOf(m[3].toUpperCase())&gt;=0; \n    };  \n    var searchFilter = function(header, list) { \n        var timer;\n        var form = $(\&quot;&lt;form&gt;\&quot;).attr({\&quot;class\&quot;:\&quot;filterform\&quot;,\&quot;action\&quot;:\&quot;#\&quot;,\&quot;onsubmit\&quot;:\&quot;return false\&quot;}), \n        input = $(\&quot;&lt;input&gt;\&quot;).attr({\&quot;class\&quot;:\&quot;filterinput\&quot;,\&quot;type\&quot;:\&quot;text\&quot;}); \n        $(form).append(input).append($(\&quot;&lt;span class=&apos;filterlabel&apos;&gt;&lt;i class=&apos;icon-search&apos;&gt;&lt;\/i&gt;&lt;\/span&gt;\&quot;)).appendTo(header);  \n        $(form).submit(function() { return false });\n        $(input).change(function () { \n            var filter = $(this).val(); \n            if(filter) { \n                $(list).find(\&quot;.app-name:not(:Contains(\&quot; + filter + \&quot;))\&quot;).closest(\&quot;li\&quot;).fadeOut(); \n                $(list).find(\&quot;.app-name:Contains(\&quot; + filter + \&quot;)\&quot;).closest(\&quot;li\&quot;).show(); \n            } else { \n                $(list).find(\&quot;li\&quot;).show(); \n            } \n            return false; \n        }).keyup(function () {\n            if (timer) clearTimeout(timer);\n            var $this = $(this);\n            timer = setTimeout(function() {\n                $this.change(); \n            }, 50);\n        }); \n        $(input).focus();\n    };\n    var designApp = function(event,appId, appVersion, userviewId) {\n        AdminBar.showQuickOverlay(\&quot;\/jw\/web\/console\/app\/\&quot; + appId + \&quot;\/\&quot; + appVersion + \&quot;\/forms\&quot;);\n        \/\/window.open(\&quot;\/jw\/web\/console\/app\/\&quot; + appId + \&quot;\/\&quot; + appVersion + \&quot;\/userview\/builder\/\&quot; + userviewId);\n        event.preventDefault();\n        event.stopPropagation();\n    }  \n    var loadPublishedApps = function(container, customUrl) {\n        container = container || \&quot;#apps\&quot;;\n        var isMarketplace = (container === &apos;#marketplace-apps&apos;);\n        var jsonUrl = (customUrl) ? customUrl : \&quot;\/jw\/web\/json\/apps\/published\/userviews?appCenter=true\&quot;;\n\n        \/\/ show loading icon\n        $(container).empty();\n        var loading = $(&apos;&lt;div id=\&quot;apps-loading\&quot;&gt;&lt;i class=\&quot;icon-spinner icon-spin icon-2x\&quot;&gt;&lt;\/i&gt; &lt;fmt:message key=\&quot;appCenter.label.loadingApps\&quot;\/&gt;&lt;\/div&gt;&apos;);\n        $(container).append(loading);\n\n        \/\/ load JSON\n        $.ajax({ \n            url : jsonUrl,\n            dataType:&apos;jsonp&apos;,\n            success:function(data) {\n                var content = \&quot;\&quot;;\n                var apps = data.apps;\n                for( var i=0; i&lt;apps.length; i++) {\n                    \/\/ add app\n                    var app = apps[i];\n                    \/\/ add userviews\n                    var userviews = app.userviews;\n                    for( var j=0; j&lt;userviews.length; j++){\n                        var uv = userviews[j];\n                        content += &apos;&lt;li&gt;&apos;;\n                        var userviewUrl = uv.url;\n                        var imageUrl = uv.imageUrl;\n                        if (!imageUrl) {\n                            imageUrl = &apos;\/jw\/web\/userview\/screenshot\/&apos; + app.id + &apos;\/&apos; + uv.id;\n                        }\n                        content += &apos;&lt;a class=\&quot;app-link\&quot; target=\&quot;_blank\&quot; href=\&quot;&apos; + userviewUrl + &apos;\&quot;&gt;\\\n                                            &lt;span class=\&quot;app-icon\&quot;&gt;&lt;img src=\&quot;&apos; + imageUrl + &apos;\&quot; width=\&quot;240\&quot; border=\&quot;0\&quot;&gt;&lt;\/span&gt;\\\n                                            &lt;div class=\&quot;app-name\&quot;&gt;&apos; + uv.name + &apos;&lt;\/div&gt;\\\n                                            &lt;div class=\&quot;app-description\&quot;&gt;&apos; + app.name + &apos;&lt;\/div&gt;\\\n                                            &lt;div class=\&quot;uv-description\&quot; style=\&quot;display:none\&quot;&gt;&apos; + uv.description + &apos;&lt;\/div&gt;&apos;;\n                        if ($(\&quot;#adminControl\&quot;).length &gt; 0) {\n                            content += \&quot;&lt;span class=&apos;app-design-button&apos; onclick=&apos;designApp(event,\\\&quot;\&quot; + app.id + \&quot;\\\&quot;,\\\&quot;\&quot; + app.version + \&quot;\\\&quot;,\\\&quot;\&quot; + uv.id + \&quot;\\\&quot;);return false&apos;&gt;&lt;i class=&apos;icon-pencil&apos;&gt;&lt;\/i&gt;&lt;\/span&gt;\&quot;;\n                        }\n                        content += &apos;&lt;\/a&gt;\\\n                                    &lt;\/li&gt;&apos;;\n                    }\n                }\n                \/\/ show apps, hide loading icon\n                $(loading).remove();\n                $(container).append($(content));\n\n                \/\/ sort by userview name\n                var appsLi = $(\&quot;.published-apps li\&quot;);\n                appsLi.sort(function(a, b) {\n                    var aName = $(a).find(\&quot;.app-name\&quot;).text();\n                    var bName = $(b).find(\&quot;.app-name\&quot;).text();\n                    if (aName.indexOf(\&quot;&lt;\&quot;) === 0 || aName.indexOf(\&quot;#\&quot;) === 0 || aName.toUpperCase() &gt;= bName.toUpperCase()) {\n                        return 1;\n                    } else {\n                        return -1;\n                    }\n                });\n                appsLi.detach().appendTo($(container));\n\n                $(\&quot;span.app-icon\&quot;).hover(\n                    function() {\n                        var desc = $(this).siblings(\&quot;div.app-description\&quot;).text();\n                        $(this).prepend(\&quot;&lt;div class=&apos;app-summary&apos;&gt;\&quot; + desc + \&quot;&lt;\/div&gt;\&quot;);\n                        $(this).find(\&quot;.app-summary\&quot;).show(\&quot;fast\&quot;);\n                    },\n                    function() {\n                        $(this).find(\&quot;.app-summary\&quot;).hide(\&quot;fast\&quot;).remove();\n                    }\n                );\n                $(\&quot;#apps li\&quot;).hover(\n                    function() {\n                        $(this).find(\&quot;.app-design-button\&quot;).show();\n                    },\n                    function() {\n                        $(this).find(\&quot;.app-design-button\&quot;).hide();\n                    }\n                );\n            }\n        });\n    };\nsearchFilter($(\&quot;#search\&quot;), $(\&quot;#apps\&quot;)); \nloadPublishedApps(\&quot;#apps\&quot;);\n\/\/ ]]&gt;&lt;\/script&gt;\n&lt;\/p&gt;&quot;,&quot;keyName&quot;:&quot;&quot;,&quot;loadDataWithKey&quot;:&quot;&quot;,&quot;userviewCacheScope&quot;:&quot;&quot;,&quot;userviewCacheDuration&quot;:&quot;20&quot;}}]},{&quot;className&quot;:&quot;org.joget.apps.userview.model.UserviewCategory&quot;,&quot;properties&quot;:{&quot;id&quot;:&quot;category-917702582FA943698452CEF7E89B9131&quot;,&quot;label&quot;:&quot;&lt;i class=&apos;icon-question-sign&apos;&gt;&lt;\/i&gt; Help&quot;,&quot;hide&quot;:&quot;yes&quot;,&quot;permission&quot;:{&quot;className&quot;:&quot;&quot;,&quot;properties&quot;:{}}},&quot;menus&quot;:[{&quot;className&quot;:&quot;org.joget.apps.userview.lib.HtmlPage&quot;,&quot;properties&quot;:{&quot;id&quot;:&quot;3FE63699CC6A454D9CF43024D797F83D&quot;,&quot;customId&quot;:&quot;&quot;,&quot;label&quot;:&quot;Help&quot;,&quot;content&quot;:&quot;&lt;p&gt;Help&lt;\/p&gt;&quot;}}]},{&quot;className&quot;:&quot;org.joget.apps.userview.model.UserviewCategory&quot;,&quot;properties&quot;:{&quot;id&quot;:&quot;category-9CBA3EC5BFED4604B018D7D40466A3AB&quot;,&quot;label&quot;:&quot;&lt;i class=&apos;icon-user&apos;&gt;&lt;\/i&gt; Profile&quot;,&quot;hide&quot;:&quot;yes&quot;,&quot;permission&quot;:{&quot;className&quot;:&quot;&quot;,&quot;properties&quot;:{}}},&quot;menus&quot;:[{&quot;className&quot;:&quot;org.joget.plugin.enterprise.UserProfileMenu&quot;,&quot;properties&quot;:{&quot;id&quot;:&quot;845BE842A9ED43289B1C348C58A6E44C&quot;,&quot;label&quot;:&quot;User Profile&quot;}}]}]}</json>
         <dateCreated class="java.sql.Timestamp">2016-11-02 20:27:55.0 GMT</dateCreated>
         <dateModified class="java.sql.Timestamp">2016-11-03 07:50:20.0 GMT</dateModified>
      </userviewDefinition>
   </userviewDefinitionList>
   <datalistDefinitionList/>
   <pluginDefaultPropertiesList/>
   <environmentVariableList/>
   <messageList>
      <message>
         <id>App Center_en_US</id>
         <appId>appcenter</appId>
         <appVersion>6</appVersion>
         <messageKey>App Center</messageKey>
         <locale>en_US</locale>
         <message>App Center (Translated)</message>
      </message>
      <message>
         <id>Form Title_en_US</id>
         <appId>appcenter</appId>
         <appVersion>6</appVersion>
         <messageKey>Form Title</messageKey>
         <locale>en_US</locale>
         <message>Form Title (Translated)</message>
      </message>
      <message>
         <id>Help_ms</id>
         <appId>appcenter</appId>
         <appVersion>6</appVersion>
         <messageKey>Help</messageKey>
         <locale>ms</locale>
         <message>Bantuan</message>
      </message>
      <message>
         <id>More Info_en_US</id>
         <appId>appcenter</appId>
         <appVersion>6</appVersion>
         <messageKey>More Info</messageKey>
         <locale>en_US</locale>
         <message>More Info?</message>
      </message>
   </messageList>   <license>oRIgWuw8ed5OmS98TSZFxocskOFXU0v3VPneM0k80NqSBK2r6RhNzTNTryZkuj4W</license>
   <!--description>3 Nov 2016: Renamed Home menu to Published Apps, and hid empty Help menu
17 Aug 2016: Updated to v6 Universal Theme
16 Aug 2016: Updated banner image and userview loading URL
2 Jun 2016: Updated design with colors and background images
2 Jun 2016: Added Design App, Import App and Download from Marketplace functionality
29 Apr 2016: Added userview design button on hover</description-->
</appDefinition>