<appDefinition>
   <id>appcenter</id>
   <version>1</version>
   <name>App Center</name>
   <dateCreated class="java.sql.Timestamp">2017-07-17 18:19:21.0 GMT</dateCreated>
   <dateModified class="java.sql.Timestamp">2017-07-18 02:19:21.0 GMT</dateModified>
   <packageDefinitionList/>
  <formDefinitionList>
      <formDefinition>
         <id>landing</id>
         <appId>appcenter</appId>
         <appVersion>1</appVersion>
         <name>Published Apps</name>
         <tableName>appcenter</tableName>
         <json>{&quot;className&quot;:&quot;org.joget.apps.form.model.Form&quot;,&quot;properties&quot;:{&quot;noPermissionMessage&quot;:&quot;&quot;,&quot;loadBinder&quot;:{&quot;className&quot;:&quot;org.joget.apps.form.lib.WorkflowFormBinder&quot;,&quot;properties&quot;:{}},&quot;name&quot;:&quot;Published Apps&quot;,&quot;description&quot;:&quot;&quot;,&quot;postProcessorRunOn&quot;:&quot;both&quot;,&quot;permission&quot;:{&quot;className&quot;:&quot;&quot;,&quot;properties&quot;:{}},&quot;id&quot;:&quot;landing&quot;,&quot;postProcessor&quot;:{&quot;className&quot;:&quot;&quot;,&quot;properties&quot;:{}},&quot;storeBinder&quot;:{&quot;className&quot;:&quot;org.joget.apps.form.lib.WorkflowFormBinder&quot;,&quot;properties&quot;:{}},&quot;tableName&quot;:&quot;appcenter&quot;},&quot;elements&quot;:[{&quot;elements&quot;:[{&quot;elements&quot;:[{&quot;className&quot;:&quot;org.joget.apps.form.lib.CustomHTML&quot;,&quot;properties&quot;:{&quot;autoPopulate&quot;:&quot;&quot;,&quot;id&quot;:&quot;admin_div&quot;,&quot;label&quot;:&quot;&quot;,&quot;value&quot;:&quot;&lt;style&gt;\n#appcenter_admin {\n    text-align: center;\n}\n#appcenter_admin a {\n    background: white;\n    border: solid 1px #ddd;\n    cursor: pointer;\n    text-decoration: none;\n    color: #555;\n    margin-right: 5px;\n    padding: 10px;\n    box-shadow: 0 1px 1.5px 1px rgba(0,0,0,.12);\n    border-radius: 4px;\n    font-size: 14px;\n    font-weight: 400;\n    line-height: 1.42857143;\n    display: inline-block;\n}\n@media (max-width:540px) {\n    #appcenter_admin a {\n        margin-top: -20px;\n        margin-bottom: 20px;\n    }\n}\n&lt;/style&gt;\n&lt;div id=\&quot;appcenter_admin\&quot;&gt;\n    &lt;a href=\&quot;#\&quot; onclick=\&quot;appCreate();return false\&quot;&gt;Design New App&lt;/a&gt;\n    &lt;a href=\&quot;#\&quot; onclick=\&quot;appImport();return false\&quot;&gt;Import App&lt;/a&gt;\n    &lt;a href=\&quot;#\&quot; onclick=&apos;AdminBar.showQuickOverlay(\&quot;/jw/web/desktop/marketplace/app?url=\&quot; + encodeURIComponent(\&quot;https://marketplace.joget.org\&quot;));return false&apos;&gt;Download from Marketplace&lt;/a&gt;\n&lt;/div&gt;&quot;}}],&quot;className&quot;:&quot;org.joget.apps.form.model.Column&quot;,&quot;properties&quot;:{&quot;width&quot;:&quot;100%&quot;}}],&quot;className&quot;:&quot;org.joget.apps.form.model.Section&quot;,&quot;properties&quot;:{&quot;id&quot;:&quot;admin_section&quot;,&quot;label&quot;:&quot;&quot;,&quot;loadBinder&quot;:{&quot;className&quot;:&quot;&quot;,&quot;properties&quot;:{}},&quot;storeBinder&quot;:{&quot;className&quot;:&quot;&quot;,&quot;properties&quot;:{}},&quot;permission&quot;:{&quot;className&quot;:&quot;org.joget.apps.userview.lib.BeanShellPermission&quot;,&quot;properties&quot;:{&quot;script&quot;:&quot;import org.joget.workflow.util.WorkflowUtil;\nreturn !WorkflowUtil.isCurrentUserAnonymous() &amp;&amp; WorkflowUtil.isCurrentUserInRole(WorkflowUtil.ROLE_ADMIN);\n&quot;}},&quot;comment&quot;:&quot;&quot;}},{&quot;elements&quot;:[{&quot;elements&quot;:[{&quot;className&quot;:&quot;org.joget.apps.form.lib.CustomHTML&quot;,&quot;properties&quot;:{&quot;autoPopulate&quot;:&quot;&quot;,&quot;id&quot;:&quot;published_apps&quot;,&quot;label&quot;:&quot;&quot;,&quot;value&quot;:&quot;&lt;link rel=\&quot;stylesheet\&quot; href=\&quot;/jw/css/appCenter.css\&quot; /&gt;\n&lt;div id=\&quot;main-action-help\&quot;&gt;&lt;i class=\&quot;icon-info-sign\&quot;&gt;&lt;/i&gt;&lt;/div&gt;\n&lt;div id=\&quot;search\&quot;&gt;&lt;/div&gt;\n&lt;div id=\&quot;apps\&quot;&gt;&lt;/div&gt;\n&lt;p&gt;\n&lt;script src=\&quot;/jw/js/appCenter.js\&quot;&gt;&lt;/script&gt;\n&lt;script&gt;\nAppCenter.searchFilter($(\&quot;#search\&quot;), $(\&quot;#apps\&quot;)); \nAppCenter.loadPublishedApps(\&quot;#apps\&quot;);\n&lt;/script&gt;\n&lt;/p&gt;&quot;}}],&quot;className&quot;:&quot;org.joget.apps.form.model.Column&quot;,&quot;properties&quot;:{&quot;width&quot;:&quot;100%&quot;}}],&quot;className&quot;:&quot;org.joget.apps.form.model.Section&quot;,&quot;properties&quot;:{&quot;visibilityControl&quot;:&quot;&quot;,&quot;regex&quot;:&quot;&quot;,&quot;loadBinder&quot;:{&quot;className&quot;:&quot;&quot;,&quot;properties&quot;:{}},&quot;permission&quot;:{&quot;className&quot;:&quot;&quot;,&quot;properties&quot;:{}},&quot;id&quot;:&quot;apps_section&quot;,&quot;label&quot;:&quot;&quot;,&quot;join&quot;:&quot;&quot;,&quot;reverse&quot;:&quot;&quot;,&quot;storeBinder&quot;:{&quot;className&quot;:&quot;&quot;,&quot;properties&quot;:{}}}}]}</json>
         <!--description></description-->
         <dateCreated class="java.sql.Timestamp">2017-07-17 18:19:21.0 GMT</dateCreated>
         <dateModified class="java.sql.Timestamp">2017-07-18 02:29:22.0 GMT</dateModified>
      </formDefinition>
  </formDefinitionList>
   <userviewDefinitionList>
      <userviewDefinition>
         <id>v</id>
         <appId>appcenter</appId>
         <appVersion>1</appVersion>
         <name>Joget Workflow</name>
         <json>{&quot;className&quot;:&quot;org.joget.apps.userview.model.Userview&quot;,&quot;properties&quot;:{&quot;id&quot;:&quot;v&quot;,&quot;name&quot;:&quot;Joget Workflow&quot;,&quot;description&quot;:&quot;&quot;,&quot;welcomeMessage&quot;:&quot;#date.EEE, d MMM yyyy#&quot;,&quot;logoutText&quot;:&quot;Logout&quot;,&quot;footerMessage&quot;:&quot;Powered by Joget&quot;},&quot;setting&quot;:{&quot;properties&quot;:{&quot;theme&quot;:{&quot;className&quot;:&quot;org.joget.plugin.enterprise.UniversalTheme&quot;,&quot;properties&quot;:{&quot;horizontal_menu&quot;:&quot;horizontal_inline&quot;,&quot;themeScheme&quot;:&quot;light&quot;,&quot;primaryColor&quot;:&quot;custom&quot;,&quot;customPrimary&quot;:&quot;#7CA6D8&quot;,&quot;customPrimaryDark&quot;:&quot;&quot;,&quot;customPrimaryLight&quot;:&quot;&quot;,&quot;accentColor&quot;:&quot;BLUE&quot;,&quot;fontColor&quot;:&quot;WHITE&quot;,&quot;fav_icon&quot;:&quot;&quot;,&quot;logo&quot;:&quot;\/jw\/images\/v3\/logo.png&quot;,&quot;profile&quot;:&quot;&quot;,&quot;inbox&quot;:&quot;all&quot;,&quot;shortcutLinkLabel&quot;:&quot;Shortcut&quot;,&quot;shortcut&quot;:[],&quot;userMenu&quot;:[],&quot;enableResponsiveSwitch&quot;:&quot;true&quot;,&quot;removeAssignmentTitle&quot;:&quot;&quot;,&quot;homeAttractBanner&quot;:&quot;&lt;div id=\&quot;banner\&quot;&gt;&lt;h1&gt;App Center&lt;\/h1&gt;&lt;\/div&gt;&quot;,&quot;css&quot;:&quot;\/* banner image and title *\/\n#banner {\n    background: url(\/jw\/home\/banner.jpg);\n    background-size: cover;\n    height: 240px;\n    width: 100%;\n}\n#banner h1 {\n    margin-top: 0px;\n    padding-top: 20px;\n    color: white;\n    text-align: center;\n}\nbody#home ul.breadcrumb {\n    display: none;\n}\n\n\/* admin buttons *\/\n#appcenter_admin {\n    position: absolute;\n    top: -120px;\n    text-align: center;\n    display: block;\n    margin: auto;\n    width: 100%;\n}\n#admin_section, #admin_section .form-column, #admin_section .form-cell, #admin_section .form-cell-value {\n    padding: 0px;\n    margin: 0px;\n    height: 0px;\n}\n@media (max-width: 540px) {\n    #appcenter_admin {    \n        top: -150px;\n    }\n}\n&quot;,&quot;js&quot;:&quot;&quot;,&quot;loginPageTop&quot;:&quot;&quot;,&quot;loginPageBottom&quot;:&quot;&quot;}},&quot;userviewDescription&quot;:&quot;&quot;,&quot;hideThisUserviewInAppCenter&quot;:&quot;true&quot;,&quot;permission&quot;:{&quot;className&quot;:&quot;&quot;,&quot;properties&quot;:{}}}},&quot;categories&quot;:[{&quot;className&quot;:&quot;org.joget.apps.userview.model.UserviewCategory&quot;,&quot;properties&quot;:{&quot;id&quot;:&quot;category-EE74E4F4426241BD9BC3BC73B1D24AC7&quot;,&quot;label&quot;:&quot;&lt;i class=&apos;icon-home&apos;&gt;&lt;\/i&gt; Home&quot;},&quot;menus&quot;:[{&quot;className&quot;:&quot;org.joget.apps.userview.lib.FormMenu&quot;,&quot;properties&quot;:{&quot;id&quot;:&quot;28F7ADF73F204C8BBAAD32CF26587AE2&quot;,&quot;customId&quot;:&quot;home&quot;,&quot;label&quot;:&quot;Published Apps&quot;,&quot;formId&quot;:&quot;landing&quot;,&quot;showInPopupDialog&quot;:&quot;&quot;,&quot;readonly&quot;:&quot;&quot;,&quot;readonlyLabel&quot;:&quot;&quot;,&quot;messageShowAfterComplete&quot;:&quot;&quot;,&quot;redirectUrlAfterComplete&quot;:&quot;&quot;,&quot;redirectUrlOnCancel&quot;:&quot;&quot;,&quot;redirectTargetOnCancel&quot;:&quot;top&quot;,&quot;fieldPassover&quot;:&quot;&quot;,&quot;fieldPassoverMethod&quot;:&quot;append&quot;,&quot;paramName&quot;:&quot;&quot;,&quot;submitButtonLabel&quot;:&quot;&quot;,&quot;cancelButtonLabel&quot;:&quot;&quot;,&quot;customHeader&quot;:&quot;&quot;,&quot;customFooter&quot;:&quot;&quot;,&quot;keyName&quot;:&quot;&quot;,&quot;loadDataWithKey&quot;:&quot;&quot;,&quot;userviewCacheScope&quot;:&quot;&quot;,&quot;userviewCacheDuration&quot;:&quot;20&quot;}}]}]}</json>
         <dateCreated class="java.sql.Timestamp">2017-07-17 18:19:21.0 GMT</dateCreated>
         <dateModified class="java.sql.Timestamp">2017-07-17 18:19:21.0 GMT</dateModified>
      </userviewDefinition>
   </userviewDefinitionList>
   <datalistDefinitionList/>
   <pluginDefaultPropertiesList/>
   <environmentVariableList/>
   <messageList>
      <message>
         <id>&lt;i class=&apos;icon-home&apos;&gt;&lt;/i&gt; Home_zh_CN</id>
         <appId>appcenter</appId>
         <appVersion>1</appVersion>
         <messageKey>&lt;i class=&apos;icon-home&apos;&gt;&lt;/i&gt; Home</messageKey>
         <locale>zh_CN</locale>
         <message>首页</message>
      </message>
      <message>
         <id>&lt;i class=&apos;icon-home&apos;&gt;&lt;/i&gt; Home_zh_TW</id>
         <appId>appcenter</appId>
         <appVersion>1</appVersion>
         <messageKey>&lt;i class=&apos;icon-home&apos;&gt;&lt;/i&gt; Home</messageKey>
         <locale>zh_TW</locale>
         <message>首頁</message>
      </message>
      <message>
         <id>App Center_zh_CN</id>
         <appId>appcenter</appId>
         <appVersion>1</appVersion>
         <messageKey>App Center</messageKey>
         <locale>zh_CN</locale>
         <message>应用中心</message>
      </message>
      <message>
         <id>App Center_zh_TW</id>
         <appId>appcenter</appId>
         <appVersion>1</appVersion>
         <messageKey>App Center</messageKey>
         <locale>zh_TW</locale>
         <message>應用中心</message>
      </message>
      <message>
         <id>Published Apps_zh_CN</id>
         <appId>appcenter</appId>
         <appVersion>1</appVersion>
         <messageKey>Published Apps</messageKey>
         <locale>zh_CN</locale>
         <message>本地已发布</message>
      </message>
      <message>
         <id>Published Apps_zh_TW</id>
         <appId>appcenter</appId>
         <appVersion>1</appVersion>
         <messageKey>Published Apps</messageKey>
         <locale>zh_TW</locale>
         <message>本地已發布</message>
      </message>
   </messageList>   <!--resourceList/-->
   <license>oRIgWuw8ed5OmS98TSZFxocskOFXU0v3VPneM0k80NqSBK2r6RhNzTNTryZkuj4W</license>
</appDefinition>