INSERT INTO dir_organization (id, name, description, parentId) VALUES ('ORG-001','Joget.Org','',NULL);
INSERT INTO dir_grade (id, name, description, organizationId) VALUES ('G-001','Board Members','','ORG-001');
INSERT INTO dir_grade (id, name, description, organizationId) VALUES ('G-002','Managers','','ORG-001');
INSERT INTO dir_grade (id, name, description, organizationId) VALUES ('G-003','Executives','','ORG-001');
INSERT INTO dir_group (id, name, description, organizationId) VALUES ('G-001','Managers','',NULL);
INSERT INTO dir_group (id, name, description, organizationId) VALUES ('G-002','CxO','',NULL);
INSERT INTO dir_group (id, name, description, organizationId) VALUES ('G-003','hrAdmin','',NULL);
INSERT INTO dir_user (id, username, password, firstName, lastName, email, active, timeZone, locale) VALUES ('cat','cat','5f4dcc3b5aa765d61d8327deb882cf99','Cat','Grant','',1,'',NULL);
INSERT INTO dir_user (id, username, password, firstName, lastName, email, active, timeZone, locale) VALUES ('clark','clark','5f4dcc3b5aa765d61d8327deb882cf99','Clark','Kent','',1,'',NULL);
INSERT INTO dir_user (id, username, password, firstName, lastName, email, active, timeZone, locale) VALUES ('david','david','5f4dcc3b5aa765d61d8327deb882cf99','David','Cain','',1,'',NULL);
INSERT INTO dir_user (id, username, password, firstName, lastName, email, active, timeZone, locale) VALUES ('etta','etta','5f4dcc3b5aa765d61d8327deb882cf99','Etta','Candy','',1,'',NULL);
INSERT INTO dir_user (id, username, password, firstName, lastName, email, active, timeZone, locale) VALUES ('jack','jack','5f4dcc3b5aa765d61d8327deb882cf99','Jack','Drake','',1,'',NULL);
INSERT INTO dir_user (id, username, password, firstName, lastName, email, active, timeZone, locale) VALUES ('julia','julia','5f4dcc3b5aa765d61d8327deb882cf99','Julia','Kapatelis','',1,'',NULL);
INSERT INTO dir_user (id, username, password, firstName, lastName, email, active, timeZone, locale) VALUES ('roy','roy','5f4dcc3b5aa765d61d8327deb882cf99','Roy','Harper','',1,'',NULL);
INSERT INTO dir_user (id, username, password, firstName, lastName, email, active, timeZone, locale) VALUES ('sasha','sasha','5f4dcc3b5aa765d61d8327deb882cf99','Sasha','Bordeaux','',1,'',NULL);
INSERT INTO dir_user (id, username, password, firstName, lastName, email, active, timeZone, locale) VALUES ('tana','tana','5f4dcc3b5aa765d61d8327deb882cf99','Tana','Moon','',1,'',NULL);
INSERT INTO dir_user (id, username, password, firstName, lastName, email, active, timeZone, locale) VALUES ('terry','terry','5f4dcc3b5aa765d61d8327deb882cf99','Terry','Berg','',1,'',NULL);
INSERT INTO dir_user (id, username, password, firstName, lastName, email, active, timeZone, locale) VALUES ('tina','tina','5f4dcc3b5aa765d61d8327deb882cf99','Tina','Magee','',1,'',NULL);
INSERT INTO dir_user_group (groupId, userId) VALUES ('G-001','clark');
INSERT INTO dir_user_group (groupId, userId) VALUES ('G-001','david');
INSERT INTO dir_user_group (groupId, userId) VALUES ('G-001','jack');
INSERT INTO dir_user_group (groupId, userId) VALUES ('G-001','roy');
INSERT INTO dir_user_group (groupId, userId) VALUES ('G-001','sasha');
INSERT INTO dir_user_group (groupId, userId) VALUES ('G-001','tina');
INSERT INTO dir_user_group (groupId, userId) VALUES ('G-002','terry');
INSERT INTO dir_user_group (groupId, userId) VALUES ('G-003','julia');
INSERT INTO dir_user_group (groupId, userId) VALUES ('G-003','sasha');
INSERT INTO dir_user_role (roleId, userId) VALUES ('ROLE_USER','cat');
INSERT INTO dir_user_role (roleId, userId) VALUES ('ROLE_USER','clark');
INSERT INTO dir_user_role (roleId, userId) VALUES ('ROLE_USER','david');
INSERT INTO dir_user_role (roleId, userId) VALUES ('ROLE_USER','etta');
INSERT INTO dir_user_role (roleId, userId) VALUES ('ROLE_USER','jack');
INSERT INTO dir_user_role (roleId, userId) VALUES ('ROLE_USER','julia');
INSERT INTO dir_user_role (roleId, userId) VALUES ('ROLE_USER','roy');
INSERT INTO dir_user_role (roleId, userId) VALUES ('ROLE_USER','sasha');
INSERT INTO dir_user_role (roleId, userId) VALUES ('ROLE_USER','tana');
INSERT INTO dir_user_role (roleId, userId) VALUES ('ROLE_USER','terry');
INSERT INTO dir_user_role (roleId, userId) VALUES ('ROLE_USER','tina');
INSERT INTO dir_department (id, name, description, organizationId, hod, parentId) VALUES ('D-001','CEO Office','','ORG-001',NULL,NULL);
INSERT INTO dir_department (id, name, description, organizationId, hod, parentId) VALUES ('D-002','Human Resource and Admin','','ORG-001',NULL,NULL);
INSERT INTO dir_department (id, name, description, organizationId, hod, parentId) VALUES ('D-003','Finance','','ORG-001',NULL,NULL);
INSERT INTO dir_department (id, name, description, organizationId, hod, parentId) VALUES ('D-004','Marketing','','ORG-001',NULL,NULL);
INSERT INTO dir_department (id, name, description, organizationId, hod, parentId) VALUES ('D-005','Product Development','','ORG-001',NULL,NULL);
INSERT INTO dir_department (id, name, description, organizationId, hod, parentId) VALUES ('D-006','Training and Consulting','','ORG-001',NULL,NULL);
INSERT INTO dir_department (id, name, description, organizationId, hod, parentId) VALUES ('D-007','Support and Services','','ORG-001',NULL,NULL);
INSERT INTO dir_employment (id, userId, startDate, endDate, employeeCode, role, gradeId, departmentId, organizationId) VALUES ('4028808127f4ef840127f5efdbfb004f','terry',NULL,NULL,NULL,NULL,'G-001','D-001','ORG-001');
INSERT INTO dir_employment (id, userId, startDate, endDate, employeeCode, role, gradeId, departmentId, organizationId) VALUES ('4028808127f4ef840127f5f04dc2005a','clark',NULL,NULL,NULL,NULL,'G-002','D-005','ORG-001');
INSERT INTO dir_employment (id, userId, startDate, endDate, employeeCode, role, gradeId, departmentId, organizationId) VALUES ('4028808127f4ef840127f5f11cf60068','cat',NULL,NULL,NULL,NULL,'G-003','D-005','ORG-001');
INSERT INTO dir_employment (id, userId, startDate, endDate, employeeCode, role, gradeId, departmentId, organizationId) VALUES ('4028808127f4ef840127f5f194e20071','tana',NULL,NULL,NULL,NULL,'G-003','D-005','ORG-001');
INSERT INTO dir_employment (id, userId, startDate, endDate, employeeCode, role, gradeId, departmentId, organizationId) VALUES ('4028808127f4ef840127f5f20f36007a','roy',NULL,NULL,NULL,NULL,'G-002','D-004','ORG-001');
INSERT INTO dir_employment (id, userId, startDate, endDate, employeeCode, role, gradeId, departmentId, organizationId) VALUES ('4028808127f4ef840127f5f319720088','etta',NULL,NULL,NULL,NULL,'G-003','D-004','ORG-001');
INSERT INTO dir_employment (id, userId, startDate, endDate, employeeCode, role, gradeId, departmentId, organizationId) VALUES ('4028808127f4ef840127f5f41d4b0091','sasha',NULL,NULL,NULL,NULL,'G-002','D-002','ORG-001');
INSERT INTO dir_employment (id, userId, startDate, endDate, employeeCode, role, gradeId, departmentId, organizationId) VALUES ('4028808127f4ef840127f5f7c5b500a5','jack',NULL,NULL,NULL,NULL,'G-002','D-006','ORG-001');
INSERT INTO dir_employment (id, userId, startDate, endDate, employeeCode, role, gradeId, departmentId, organizationId) VALUES ('4028808127f4ef840127f606242400b3','tina',NULL,NULL,NULL,NULL,'G-002','D-003','ORG-001');
INSERT INTO dir_employment (id, userId, startDate, endDate, employeeCode, role, gradeId, departmentId, organizationId) VALUES ('4028808127fb4d350127ff78d63300d1','david',NULL,NULL,NULL,NULL,'G-002','D-007','ORG-001');
INSERT INTO dir_employment (id, userId, startDate, endDate, employeeCode, role, gradeId, departmentId, organizationId) VALUES ('4028808127fb4d350127ff84074600f2','julia',NULL,NULL,NULL,NULL,'G-003','D-002','ORG-001');
INSERT INTO dir_employment_report_to (id, employmentId, reportToId) VALUES ('4028808127f4ef840127f5f04e9b005f','4028808127f4ef840127f5f04dc2005a','4028808127f4ef840127f5efdbfb004f');
INSERT INTO dir_employment_report_to (id, employmentId, reportToId) VALUES ('4028808127f4ef840127f5f20fb7007f','4028808127f4ef840127f5f20f36007a','4028808127f4ef840127f5efdbfb004f');
INSERT INTO dir_employment_report_to (id, employmentId, reportToId) VALUES ('4028808127f4ef840127f5f48eda009e','4028808127f4ef840127f5f41d4b0091','4028808127f4ef840127f5efdbfb004f');
INSERT INTO dir_employment_report_to (id, employmentId, reportToId) VALUES ('4028808127f4ef840127f5f7c60b00aa','4028808127f4ef840127f5f7c5b500a5','4028808127f4ef840127f5efdbfb004f');
INSERT INTO dir_employment_report_to (id, employmentId, reportToId) VALUES ('4028808127f4ef840127f60624c100b8','4028808127f4ef840127f606242400b3','4028808127f4ef840127f5efdbfb004f');
INSERT INTO dir_employment_report_to (id, employmentId, reportToId) VALUES ('4028808127fb4d350127ff78d6fe00d6','4028808127fb4d350127ff78d63300d1','4028808127f4ef840127f5efdbfb004f');
UPDATE dir_department SET hod='4028808127f4ef840127f5efdbfb004f' WHERE id='D-001';
UPDATE dir_department SET hod='4028808127f4ef840127f5f41d4b0091' WHERE id='D-002';
UPDATE dir_department SET hod='4028808127f4ef840127f606242400b3' WHERE id='D-003';
UPDATE dir_department SET hod='4028808127f4ef840127f5f20f36007a' WHERE id='D-004';
UPDATE dir_department SET hod='4028808127f4ef840127f5f04dc2005a' WHERE id='D-005';
UPDATE dir_department SET hod='4028808127f4ef840127f5f7c5b500a5' WHERE id='D-006';
UPDATE dir_department SET hod='4028808127fb4d350127ff78d63300d1' WHERE id='D-007';
